# Index of migration data sources. Rendered from scripts/migration/sources.py; do not edit by hand.
# 'metrics' and 'limits' hold pipe-separated lists.
id	name	family	publisher	unit	coverage	years	cadence	access	fmt	api	licence	network	metrics	limits	url	checked
undesa-ims	UN DESA International Migrant Stock	bilateral	UN Department of Economic and Social Affairs, Population Division	origin country x destination country x year x sex	Every country and area with data; 232 destinations, 238 origins	1990, 1995, 2000, 2005, 2010, 2015, 2020, 2024 (Rev. 2024)	Roughly every five years; Rev. 2024 published late 2024	Direct XLSX download, no registration	XLSX, one sheet per table, ~6 MB	No	UN terms of use; free with attribution	Weighted directed: origin -> destination, weight = migrant stock. The canonical global migration network.	migrant stock by origin and destination, both sexes and split | stock as share of destination population | median age of the migrant population | refugees as a share of the international migrant stock	Stock, not flow. A stock difference is not a flow: it nets out return migration, onward migration and deaths. | Definition is country of birth for most countries and country of citizenship for the rest. The two are not the same population. | Reporting granularity varies by destination, and it varies in a way that correlates with wealth. In Rev. 2024 Table 1 the United States reports 58 named origin countries while Denmark reports 202, because the US source is a survey with an 'other' category and Denmark's is a population register. Any centrality computed on the raw matrix will understate large survey-based destinations. | Interpolated and modelled where censuses are missing; the workbook does not flag which cells are estimates. | Country set changes over time (South Sudan, Serbia and Montenegro).	https://www.un.org/development/desa/pd/content/international-migrant-stock	fetched 2026-09-16: Table 1 has 28,030 data rows, of which 9,098 are country-to-country pairs after dropping regional and income-group aggregates; 6,787 of those have a non-zero 2024 stock.
undesa-flows	UN DESA International Migration Flows	bilateral	UN DESA Population Division	origin country x destination country x year, inflows and outflows	45 countries that report flow statistics	1980 to 2020 depending on reporter	Irregular; 2015 revision is the widely used one	XLSX download	XLSX	No	UN terms of use	Weighted directed flows, but only between the reporting subset	inflows by country of citizenship or birth | outflows | net flow | reporting basis per country	Only 45 reporters, heavily European. Africa and most of Asia are absent, so a network built from it is a network of rich-country statistical offices. | Inflow reported by A from B rarely matches outflow reported by B to A. Mirror statistics disagree by factors, not percentages. | Mixed definitions: citizenship, birth, and duration-of-stay thresholds differ across reporters.	https://www.un.org/development/desa/pd/content/international-migration-flows	not fetched
abel-cohen	Abel and Cohen estimated bilateral migration flows	bilateral	Guy Abel and Joel Cohen (Scientific Data, 2019; updates to 2022)	origin x destination x five-year period	~200 countries, full matrix	1990-1995 through 2015-2020	Updated when a new DESA stock revision lands	Open data with the paper; R package migest	CSV; R package	No	CC BY	Weighted directed flow network, complete and symmetric in coverage. This is usually the better network than the raw DESA stocks.	estimated flow under six different demographic accounting methods | net migration implied by each method	Estimates, not observations. The six methods disagree with each other by a lot, and the choice of method changes which countries look central. | Inherits every problem in the DESA stock matrix it is derived from. | Five-year periods only. No annual series, no seasonality. | Cannot see circular or repeat migration by construction.	https://www.nature.com/articles/sdata201882	not fetched
wb-gbmd	World Bank Global Bilateral Migration Database	bilateral	World Bank (Ozden, Parsons, Schiff, Walmsley)	origin x destination x decade x gender	226 countries, complete matrix	1960, 1970, 1980, 1990, 2000	Static; superseded for recent years by the KNOMAD matrix	World Bank data catalog download	CSV / XLSX	No	CC BY 4.0	Weighted directed, complete. The only full matrix reaching back to 1960.	bilateral migrant stock by decade | gender split	Ends at 2000. Useless for anything contemporary. | Built by filling census gaps with a gravity model, so a large share of cells are modelled rather than counted. | Historical country boundaries mapped onto modern ones, which invents continuity across the Soviet and Yugoslav dissolutions.	https://datacatalog.worldbank.org/search/dataset/0044054	not fetched
knomad-matrix	KNOMAD / World Bank Bilateral Migration Matrix	bilateral	KNOMAD, World Bank	origin x destination stock, single year	214 countries, complete matrix	2010, 2013, 2017, 2018, 2021, 2024 editions	Every few years alongside the Migration and Development Brief	XLSX from knomad.org; the direct file URLs move between editions	XLSX, square matrix layout	No	CC BY	Weighted directed, complete. Easier to load than DESA because it is already a square matrix with no aggregate rows.	bilateral migrant stock | paired with the bilateral remittance matrix	Derived from DESA plus modelling to fill the cells DESA leaves blank. The completeness is partly manufactured. | Single year per edition, no time series inside one file. | Publication URLs are unstable; link rot between editions is normal.	https://www.knomad.org/data/migration/emigration	probed 2026-09-16: guessed direct file URLs return 302 redirects; the landing page is the reliable entry point.
oecd-imd	OECD International Migration Database	bilateral	OECD	destination x origin x year, inflows, outflows, stocks, acquisitions	38 OECD members plus a few partners	1980 onward, varies by series	Annual, with the International Migration Outlook	OECD Data Explorer, bulk CSV, SDMX	CSV, SDMX-JSON	Yes, SDMX	OECD terms; free for non-commercial use	Weighted directed, but only into OECD destinations. A star with 38 hubs.	inflows of foreign population by nationality | stock of foreign-born and foreign population | acquisitions of citizenship | asylum applications | inflows of foreign workers by permit type	Destination side is OECD only. Every south-south corridor is invisible, and those are roughly half of world migration. | Permit-based counts measure administrative events, not people. One person can generate several permits in a year. | Series breaks when a country changes its register rules, and the breaks are documented in footnotes rather than in the data.	https://www.oecd.org/en/data/datasets/oecd-international-migration-database.html	not fetched
oecd-dioc	OECD Database on Immigrants in OECD Countries (DIOC)	bilateral	OECD	destination x origin x sex x age x education x labour status	OECD destinations, ~200 origins	2000/01, 2005/06, 2010/11, 2015/16, 2020/21 rounds	Every five years, census-round based	XLSX / CSV download	CSV, XLSX	No	OECD terms	Weighted directed, and the only one that splits the edge by skill. Lets you build a separate high-skilled migration network.	migrant stock by educational attainment | emigration rate of the tertiary educated (brain drain rate) | labour force status | occupation | duration of stay | field of study (DIOC-E extension)	Census rounds, so five-year granularity and a two to four year lag before release. | Education coded from national categories into ISCED, which flattens real differences in what a qualification means. | Small origin-destination-education cells are suppressed or unreliable; the matrix is sparse where it matters most for small countries.	https://www.oecd.org/en/data/datasets/database-on-immigrants-in-oecd-countries.html	not fetched
eurostat-migr	Eurostat migration and citizenship statistics	bilateral	Eurostat	reporting country x country of citizenship or previous residence x year	EU27, EFTA, candidate countries	2008 onward under Regulation 862/2007; some series to 1998	Annual, with monthly asylum series	Eurostat database, bulk download, REST API	TSV, SDMX, JSON	Yes, free and documented	Reuse permitted with attribution	Weighted directed into European destinations. The best-harmonised regional migration network that exists.	immigration and emigration by citizenship, age and sex (migr_imm, migr_emi) | usually resident population by citizenship and birth country | acquisitions of citizenship | residence permits by reason | asylum applications and decisions, monthly | returns of third-country nationals	Europe only. | Emigration is undercounted everywhere. People leave without telling the register, so a corridor A->B measured by A's emigration and by B's immigration will not agree, and B is usually closer to right. | The twelve-month duration rule is applied differently across members despite the regulation. | Confidentiality flags blank out small cells, which removes exactly the small corridors that would make a network interesting.	https://ec.europa.eu/eurostat/web/migration-asylum/migration/database	not fetched
imem	IMEM and QuantMig estimated European flows	bilateral	Raymer, Wisniowski et al.; QuantMig consortium (Horizon 2020)	origin x destination x year, Bayesian posterior	31 European countries	IMEM 2002-2008; QuantMig extends to 2019	Project output, not a maintained series	Project sites and supplementary data	CSV, R objects	No	Varies by release, generally open	Weighted directed with credible intervals on every edge. The only migration network that ships uncertainty per edge.	posterior mean flow | 95% credible interval | undercount and definition adjustment factors per reporter	Europe only, and a fixed country set. | Model output. The intervals are wide enough that many rank orderings of countries are not identified. | Not updated on a schedule; treat as a research dataset, not a series.	https://www.quantmig.eu/data_and_estimates/	not fetched
unhcr-rdf	UNHCR Refugee Data Finder	displacement	UNHCR	country of origin x country of asylum x year x population type	Global, every country of asylum UNHCR reports on	1951 onward for refugees; most series usable from 1990	Twice yearly, mid-year and year-end	Web app, CSV export, and a public JSON API with no key	CSV, JSON	Yes: api.unhcr.org/population/v1/	Free with attribution	Weighted directed: origin -> asylum, weight = refugees or asylum seekers. Sparser and far more skewed than the DESA stock network.	refugees under UNHCR mandate | asylum seekers (pending cases) | returned refugees | internally displaced people | returned IDPs | stateless people | others in need of international protection | host community | resettlement arrivals and departures | RSD decisions and recognition rates | solutions: naturalisation, return, resettlement	UNRWA-registered Palestine refugees sit in a separate series and are excluded from most UNHCR totals. Forgetting this understates the Middle East by several million. | Country of asylum is where people are counted, not where they want to be. Transit countries look like destinations. | IDP figures come from national and cluster sources of very mixed quality; a jump in an IDP series is often a change in who was counted. | Some asylum countries report a single 'various' origin, which collapses real edges into one. | Definitions changed in 2018 when the 'others of concern' category was restructured; long series cross that break.	https://www.unhcr.org/refugee-statistics/	fetched 2026-09-16: the 2024 year slice gives 6,198 origin/asylum rows with a non-zero population, summing to 30.96 million refugees on cross-border rows.
idmc-gidd	IDMC Global Internal Displacement Database	displacement	Internal Displacement Monitoring Centre	country x year x cause (conflict, disaster), stocks and new displacements	Global, ~150 countries with events	2008 onward for disasters; 2009 onward for conflict stocks	Annual Global Report on Internal Displacement, plus an event feed	Open download and a REST API	CSV, XLSX, JSON	Yes	CC BY	Node attributes, not a network. Internal by definition, so there is no origin-destination edge to build. Sub-national event locations are available and can be joined to geography.	internal displacements (new movements) by cause | total number of IDPs at year end | disaster hazard type | event-level records with dates and locations	New displacements count movements, not people. One person displaced three times contributes three. | Disaster and conflict displacement are estimated by different methods and should not be added without saying so. | Coverage follows where monitoring exists. An absence of data is not an absence of displacement.	https://www.internal-displacement.org/database/displacement-data/	not fetched
unrwa	UNRWA registered Palestine refugees	displacement	UNRWA	field of operation x year, registered persons	Five fields: Jordan, Lebanon, Syria, West Bank, Gaza	1950 onward	Annual	Statistical bulletins and the UNRWA open data portal	PDF, XLSX, some CSV	Limited	UN terms	Node attributes only; five fields, no origin-destination structure	registered refugees | registered persons | camp populations | service uptake in health and education	Registration, not presence. Registered persons include descendants and people who have since moved or naturalised elsewhere. | Not comparable with UNHCR figures and not additive with them. | Five fields only; Palestinians outside them are counted by UNHCR, sometimes, under a different mandate.	https://www.unrwa.org/what-we-do/protection	not fetched
eurostat-asylum	Eurostat asylum applications and decisions	asylum	Eurostat	reporting country x citizenship x month x sex x age	EU27, EFTA	2008 onward monthly; annual back to 1998 in older series	Monthly, with about a two-month lag	Eurostat database and API	TSV, SDMX, JSON	Yes	Reuse with attribution	Weighted directed origin -> destination at monthly resolution. The highest-frequency bilateral migration network available anywhere.	first-time and repeat asylum applications (migr_asyappctzm) | first-instance and final decisions by outcome | recognition rate by origin and destination | unaccompanied minors | Dublin transfers, requests and outgoing | withdrawn applications	Applications are not arrivals. Asylum shopping, secondary movement and Dublin transfers put the same person in several national counts. | Recognition rates computed as decisions over applications in the same period are wrong; decisions lag applications by months to years. | Small cells are suppressed. | Europe only.	https://ec.europa.eu/eurostat/web/migration-asylum/asylum/database	not fetched
frontex-dibc	Frontex detections of illegal border crossings	asylum	Frontex (European Border and Coast Guard Agency)	migratory route x month x reported nationality	EU external borders	2009 onward monthly	Monthly	Frontex migratory map and public CSV releases	CSV, XLSX	No stable public API	Reuse with attribution	Route-level, not country pairs. Can be coerced into origin -> route -> entry-country edges but the route is the honest unit.	detections by route | claimed nationality | share of minors | sex breakdown | facilitators detected	Detections count events, not people. One person crossing twice is two detections, and Frontex says so. | Nationality is claimed, not verified, and claiming a high-recognition nationality is rational behaviour. | Enforcement intensity drives the series as much as movement does. A rise can mean more patrols. | Routes are an administrative construct that changes definition over time.	https://www.frontex.europa.eu/what-we-do/monitoring-and-risk-analysis/migratory-map/	not fetched
dhs-ois	US DHS Office of Immigration Statistics yearbook	asylum	US Department of Homeland Security	fiscal year x country of birth or nationality x category	United States	1892 onward for some series; detailed tables from 1996	Annual, with monthly CBP releases	Open download	XLSX, CSV, PDF	No	US public domain	Origin -> US edges only. A single-destination star.	lawful permanent residents by country of birth and class of admission | naturalisations | nonimmigrant admissions by visa class | refugee admissions and asylum grants | removals, returns and expedited removals | CBP encounters by sector, nationality and demographic	Fiscal years, not calendar years. Joining to anything else needs care. | Encounters count events; Title 42 era repeat crossings inflated the series and the break is not marked in the raw tables. | Class of admission reflects the legal route taken, which is shaped by queue availability rather than intent.	https://www.dhs.gov/ohss/topics/immigration	not fetched
mipex	MIPEX, Migrant Integration Policy Index	policy	CIDOB and Migration Policy Group	country x year x policy strand, score 0-100	56 countries: EU, OECD and a few others	2007, 2010, 2014, 2019, 2020 rounds	Every few years; the 2020 round is the current one	Open download and an interactive site	XLSX, CSV	No	CC BY	Node attributes. The standard policy covariate.	overall MIPEX score | eight strands: labour market mobility, family reunion, education, political participation, permanent residence, access to nationality, anti-discrimination, health | sub-indicator scores	Measures law on the books, not implementation. A generous statute with a two-year appointment backlog scores well. | Expert coding, so the scale is ordinal dressed up as cardinal. Differences of five points mean little. | Rich-country bias in the country set. | Rounds are years apart; it cannot support event-study designs.	https://www.mipex.eu/	not fetched
impic	IMPIC, Immigration Policies in Comparison	policy	WZB Berlin (Helbling, Bjerre, Romer, Zobel)	country x year x policy field, restrictiveness score	33 OECD countries	1980-2010, with extensions	Static with occasional extension	Open download after registration	Stata, CSV	No	Academic use	Node attributes	restrictiveness of regulations and control mechanisms | by field: labour, family, asylum, co-ethnic migration | external vs internal control	Ends around 2010 in the core release; the last fifteen years of policy change are the interesting ones and they are not in it. | OECD only. | Aggregation weights across sub-indices are a choice, and results move with the choice.	https://www.wzb.eu/en/research/migration-and-diversity/migration-and-diversity/projects/impic	not fetched
demig	DEMIG POLICY, DEMIG C2C and DEMIG TOTAL	policy	International Migration Institute, Oxford / Amsterdam	policy change event; and country-to-country flow series	45 countries for policy; 34 reporters for C2C flows	1945-2013	Static	Open download	XLSX, CSV	No	Academic use with citation	DEMIG C2C is a bilateral flow network 1946-2011. DEMIG POLICY is an event list, not a network.	6,500 policy changes coded by direction and magnitude | policy area and target group | C2C: annual bilateral inflows and outflows | TOTAL: long-run national flow series	Frozen in 2013. Nobody maintains it. | Policy 'magnitude' is a four-point expert judgement. | C2C reporters are the usual rich-country set, with the usual emigration undercount.	https://www.migrationinstitute.org/data/demig-data	not fetched
globalcit	GLOBALCIT citizenship law datasets	policy	European University Institute	country x year x mode of acquisition or loss of citizenship	Near-global, 190+ countries for the core modes	Varies; CITLAW indicators from 1960s, current law fully coded	Continuous updating	Open download and a browsable database	CSV, XLSX	No	CC BY	Node attributes, plus one genuine network: dual-citizenship toleration and bilateral citizenship agreements.	modes of acquisition: birthright, descent, naturalisation, marriage, ancestry-based, investment | modes of loss and deprivation | residence duration required for naturalisation | dual citizenship toleration | electoral rights of non-resident citizens and non-citizen residents	Law as written. Administrative discretion is invisible. | Coding a legal system into indicators loses conditionality; a rule with five exceptions codes the same as one without. | Some historical series are thin outside Europe.	https://globalcit.eu/databases/	not fetched
iom-mgi	IOM Migration Governance Indicators	policy	IOM with the Economist Impact	country or city x assessment round, 90+ binary indicators	~100 countries assessed so far, plus subnational units	2016 onward, rolling	Rolling; each country assessed once or twice	Country profiles on the Migration Data Portal	PDF profiles; some structured data	No	IOM terms	Node attributes	six dimensions of migration governance | presence or absence of specific institutions and policies	Self-assessment with IOM facilitation, so it measures stated commitment. | Not a scored index by design; IOM discourages ranking, which limits it as a regression covariate. | Coverage is where governments agreed to be assessed.	https://www.migrationdataportal.org/overviews/mgi	not fetched
demig-visa	DEMIG VISA	mobility	International Migration Institute	origin nationality x destination country x year, visa required or not	237 nationalities x 214 destinations	1973-2013	Static	Open download	XLSX	No	Academic use	Directed binary network, near-complete: an arc when a passport holder of A needs a visa for B. Forty years of it, which makes it the only long longitudinal mobility-rights network.	visa requirement, binary, per year and per pair	Stops in 2013. | Binary. Visa-on-arrival, eTA and e-visa regimes collapse into the same cell as a full embassy application. | Says nothing about refusal rates, which is where the real restriction sits for many nationalities.	https://www.migrationinstitute.org/data/demig-data/demig-visa-data	not fetched
passport-indices	Henley Passport Index and Global Passport Power Index	mobility	Henley and Partners (IATA data); Arton Capital	passport x destination, access category	199 passports x 227 destinations	2006 onward, updated through the year	Quarterly to monthly	Public web rankings; the underlying pairwise matrix is commercial	Web, scraping needed for the matrix	Commercial	Proprietary; rankings are public, the matrix is not	Directed network of visa-free access. The contemporary successor to DEMIG VISA, and one of the cleanest inequality measures in the field.	visa-free destinations count | visa-on-arrival | eTA required | visa required | mobility score	Licensing. The headline ranking is free, the pair-level matrix is not, and scraping it is against the terms. | Built from IATA timetable data, which encodes airline-facing rules and occasionally lags real policy. | Tourist entry only. It says nothing about work or settlement rights, which is what migration actually needs.	https://www.henleyglobal.com/passport-index	not fetched
visa-openness	UN Tourism and regional visa openness indices	mobility	UN Tourism (UNWTO); African Union and AfDB for the Africa index	destination x origin region, entry requirement	Global for UNWTO; 54 countries for the Africa Visa Openness Index	2008 onward; Africa index annual since 2016	Annual	Report downloads, some structured annexes	PDF, XLSX	No	Free with attribution	Directed, but usually published at origin-region rather than origin-country resolution, which coarsens the network badly.	share of world population requiring a visa | visa-free, visa-on-arrival, e-visa shares | Africa index: openness score, reciprocity	Tourism framing, so short-stay rules only. | Aggregated to regions in most published tables. | The pair-level source is the same commercial IATA feed.	https://www.unwto.org/tourism-visa-openness	not fetched
iom-mmp	IOM Missing Migrants Project	irregular	IOM Global Migration Data Analysis Centre	incident: date, location, route, dead, missing, survivors, nationalities	Global, all migration routes	2014 onward	Continuous, updated weekly	Open download, no registration	CSV with coordinates	Partial	CC BY	Not a network. Point events with coordinates and a named route; can be aggregated to origin-route or origin-region edges.	dead and missing per incident | cause of death | route | coordinates | reported nationalities of the deceased | number of survivors	Undercount by construction, and the publisher says so. Deaths in deserts and in unmonitored sea areas are found only when someone reports them. | Media-sourced, so coverage tracks journalistic attention. The Mediterranean looks deadlier partly because it is watched. | Nationality is unknown for most records. | An incident is not a person; group incidents with an unknown count are recorded with estimates.	https://missingmigrants.iom.int/downloads	not fetched
ctdc	Counter Trafficking Data Collaborative	irregular	IOM, Polaris, Liberty Shared and partners	individual victim case, de-identified	Global, ~190 countries of origin represented	2002 onward	Periodic releases	Open global synthetic and k-anonymised datasets	CSV	No	CC BY-NC	Origin country -> exploitation country edges at case level. One of very few victim-level datasets that yields a real network.	country of origin, exploitation and citizenship | type of exploitation: sexual, forced labour, forced marriage | means of control | recruiter relationship | age band and gender | sector of exploitation	Cases known to service providers. This is a sample of the identified, which is a biased sample of the exploited. | Heavy privacy protection: k-anonymisation and synthetic variants blur exactly the small cells you would want. | Case counts reflect counter-trafficking capacity in a country, not trafficking prevalence.	https://www.ctdatacollaborative.org/	not fetched
unodc-tip	UNODC Global Report on Trafficking in Persons	irregular	UN Office on Drugs and Crime	country x year, detected victims and convictions; plus origin-destination flows at subregional level	~150 countries reporting	2003 onward, biennial reports	Every two years	Report plus a data portal	PDF, XLSX, some CSV	No	UN terms	Subregion -> subregion trafficking flows. Coarse, but the only official global one.	detected victims by age, sex and form of exploitation | convictions and prosecutions | cross-border vs domestic share | origin-destination flows at subregional resolution	Detection, not prevalence, and detection is a function of enforcement. | Subregional flows only; no country pairs. | Reporting country coverage changes between editions, which breaks comparability of totals.	https://www.unodc.org/unodc/data-and-analysis/glotip.html	not fetched
gdp-detention	Global Detention Project database	irregular	Global Detention Project	detention facility; and country immigration-detention profile	~100 countries profiled	2006 onward, rolling updates	Rolling	Open web database and downloads	Web, CSV extracts	Limited	CC BY-NC	Not a network. Facility-level attributes with coordinates, plus country legal frameworks.	number and type of detention facilities | detention capacity and population where known | legal grounds and maximum duration | detention of minors | operators including private contractors	Coverage depends on state transparency; the least transparent systems have the thinnest profiles. | Capacity and occupancy figures are often years old. | Facility lists are incomplete where detention happens in police stations and unofficial sites.	https://www.globaldetentionproject.org/	not fetched
knomad-remit	KNOMAD bilateral remittance matrix	money	World Bank / KNOMAD	sending country x receiving country x year, USD	~214 countries, complete matrix	2010 onward, selected years	Alongside the Migration and Development Brief	XLSX download	XLSX square matrix	No	CC BY	Weighted directed money network, the mirror image of the migration network. Comparing the two is a ready-made research question.	estimated bilateral remittance flow in USD	Estimated, not measured. Allocation uses the bilateral migrant stock and income differences, so the remittance network is partly a transformation of the migration network. Correlating them is close to circular. | Informal channels, hawala and cash carried by hand are outside it. | National totals are balance-of-payments figures with known definitional problems around compensation of employees.	https://www.knomad.org/data/remittances	not fetched
rpw	Remittance Prices Worldwide	money	World Bank	corridor x provider x quarter, cost of sending a fixed amount	48 sending and 105 receiving countries, 367 corridors	2008 onward, quarterly	Quarterly	Open download	XLSX, CSV	No	CC BY	Weighted directed corridor network where the weight is a price, not a volume. Useful as an edge cost.	total cost as percentage of the amount sent | fee and exchange-rate margin split | by provider type: bank, MTO, mobile operator | speed of transfer | SDG 10.c.1 indicator	Corridor set is chosen for policy salience, not coverage. Many corridors with large volumes are missing. | Mystery-shopper prices, collected on one day per quarter. | Advertised prices, which are not what everyone pays.	https://remittanceprices.worldbank.org/	not fetched
wb-wdi	World Bank World Development Indicators	money	World Bank	country x year x indicator	Global, 217 economies plus aggregates	1960 onward, varies by indicator	Continuous, with annual major updates	Open API with no key	JSON, XML, CSV bulk	Yes: api.worldbank.org/v2/	CC BY 4.0	Node attributes. The default covariate set for country-level models.	net migration SM.POP.NETM | international migrant stock SM.POP.TOTL and share SM.POP.TOTL.ZS | personal remittances received BX.TRF.PWKR.CD.DT and paid BM.TRF.PWKR.CD.DT | remittances as share of GDP BX.TRF.PWKR.DT.GD.ZS | GDP per capita, population, urban share, unemployment	Net migration is a five-year residual estimate, not a measurement, and it absorbs every error in the population accounts. | The refugee series SM.POP.REFG has been archived; use UNHCR instead. | Aggregate rows (WLD, EUU, income groups) share the same endpoint as countries and will silently pollute a country-level join. | Latest year coverage thins out for poorer countries, so a 'latest available' join creates a rich-country sample without warning.	https://data.worldbank.org/	fetched 2026-09-16: 2024 values returned for 243-260 countries across population, net migration, migrant stock, remittances and GDP per capita; SM.POP.REFG returns 'indicator not found'.
ilostat	ILOSTAT labour migration statistics	money	International Labour Organization	country x year x sex x status, migrant worker counts and shares	~130 countries with labour force surveys	Mostly 2010 onward	Annual, with periodic global estimates	Open bulk download and an API	CSV, SDMX	Yes	CC BY	Node attributes	international migrant workers by sex and sector | share of migrants in the labour force | informality rate among migrant workers | unemployment rate of migrants vs nationals | domestic workers who are migrants	Labour force surveys miss people in collective housing, undocumented workers and very recent arrivals. Those are large migrant groups. | Gulf states, which host the largest migrant labour shares, have thin or absent survey series. | Global estimates are modelled from a partial country set.	https://ilostat.ilo.org/topics/labour-migration/	not fetched
ipums-i	IPUMS International	micro	Minnesota Population Center	individual census record, harmonised	100+ countries, 500+ censuses, over a billion records	1960 onward, some earlier	New samples added continuously	Free registration and a project description; extracts by request	Custom extract: CSV, Stata, SPSS, fixed-width	Yes, extract API	Free for research; redistribution prohibited	Not a network in itself, but birthplace x residence at individual level rebuilds the bilateral stock matrix with any covariate you want on the edge.	country of birth | year of immigration | citizenship | internal migration: previous residence one and five years ago | education, occupation, income, household structure, language	Registration and an approved research purpose. Not a drop-in download. | Harmonisation loses country-specific detail; the harmonised birthplace variable groups small origins into regional categories. | Census rounds are ten years apart in most countries. | Some countries release only small samples, and a few release nothing recent. | Undocumented populations are under-enumerated in every census.	https://international.ipums.org/international/	not fetched
ipums-usa	IPUMS USA, CPS and ACS	micro	Minnesota Population Center	individual record, US	United States	1850 onward for censuses; ACS from 2000; CPS from 1962	Annual	Free registration, extract system	CSV, Stata, SPSS	Yes	Free for research	Origin -> US edges with full individual covariates	birthplace at detailed country level | year of immigration | citizenship status | ancestry | language spoken at home | wages, occupation, industry, education | state and PUMA of residence	One destination. | ACS is a 1% sample; small origin groups have wide standard errors and the design effect is easy to forget. | Legal status is not asked. Imputation of undocumented status is an assumption-heavy literature.	https://usa.ipums.org/usa/	not fetched
ess	European Social Survey	micro	ESS ERIC	individual respondent, repeated cross-section	~30 European countries	2002 onward, biennial rounds	Every two years	Free download after registration	CSV, Stata, SPSS	No	Free for non-commercial use	Node attributes aggregated to country, or individual-level analysis	allow more or fewer immigrants of same race, different race, poorer countries outside Europe | immigration good or bad for the economy, cultural life, place to live | respondent's own and parents' country of birth | contact with people of a different race | trust, political orientation, religiosity	Europe only. | The three headline immigration items are the same wording since 2002, which is a strength for trends and a weakness for anything recent. | Response rates have fallen and vary sharply across countries. | Migrants themselves are undersampled; surveys in the national language exclude recent arrivals.	https://www.europeansocialsurvey.org/	not fetched
gallup-wp	Gallup World Poll migration module	micro	Gallup	individual respondent, ~1000 per country per year	~150 countries	2005 onward, annual	Annual	Commercial licence; derived indices published free	Proprietary; institutional subscription	Commercial	Proprietary	Desire-to-move gives an intended origin -> destination network, which is rare and valuable: intentions before selection.	desire to migrate permanently | planning to move in the next 12 months | preferred destination country | Potential Net Migration Index | life evaluation, employment, social capital	Expensive. The microdata is behind an institutional subscription. | Intentions are not behaviour. The gap between wanting to move and moving is roughly an order of magnitude. | 1000 respondents per country makes destination-level breakdowns thin. | Sampling in conflict-affected countries is partial or suspended.	https://www.gallup.com/analytics/318875/global-research.aspx	not fetched
mafe	MAFE, Migrations between Africa and Europe	micro	INED and partners	individual life history, origin and destination samples	Senegal, DR Congo, Ghana; France, Italy, Spain, UK, Belgium, Netherlands	Fieldwork 2008-2010, retrospective histories back decades	Static	Free after registration	Stata, CSV	No	Academic use	Individual migration trajectories, plus transnational family networks. Gives multi-step migration paths, which almost nothing else does.	year-by-year residence, activity, housing and family histories | return and circular migration | remittances and investments back home | documentation status over time | network contacts at destination before departure	Three origin countries. Not generalisable. | Fieldwork is now fifteen years old. | Retrospective recall over decades, with the usual telescoping errors. | Sampling migrants at destination and non-migrants at origin makes the weighting delicate.	https://mafeproject.site.ined.fr/en/	not fetched
dhs-lsms	DHS and LSMS household surveys	micro	USAID / ICF; World Bank	household and individual records	90+ low and middle income countries	1984 onward (DHS); 1985 onward (LSMS)	Country rounds every few years	Free after a registered project request	Stata, SPSS, CSV	DHS has an API for indicators	Free for research	Household rosters with absent members give an origin-household -> destination network, including internal migration.	absent household members and where they went | remittances received by the household | migration history of the respondent | internal vs international split | health, fertility and consumption outcomes	Whole-household migration is invisible: if everyone left, nobody is home to be surveyed. This biases the sample toward split households. | Migration modules are not standard across rounds or countries. | Destination is often recorded only as 'abroad'.	https://dhsprogram.com/	not fetched
meta-sci	Meta Social Connectedness Index	digital	Meta / Humanitarian Data Exchange	region pair, relative friendship link intensity	Global at country level; subnational for many countries	Snapshots from 2018 onward	Occasional refreshes	Open download via HDX	TSV	No	Free with attribution, some use restrictions	Weighted undirected social network between places. Correlates strongly with migration corridors and is available where migration data is not.	scaled probability that two users in regions i and j are friends	Facebook users, not people. Penetration varies by country, age and gender, and the index is scaled in a way that hides the denominator. | Friendship is not migration. Diaspora, tourism, colonial history and language all load onto it. | Undirected, so it cannot tell origin from destination. | Snapshot timing is not always documented.	https://data.humdata.org/dataset/social-connectedness-index	not fetched
linkedin-d4d	LinkedIn Data for Development migration indicators	digital	World Bank and LinkedIn	origin country x destination country x industry x skill, relative flow	~100 countries with sufficient LinkedIn penetration	2015 onward, quarterly	Quarterly	Open via the World Bank Data Catalog	CSV	No	CC BY	Weighted directed network of professional relocation, by skill and industry. The only near-real-time high-skill migration network.	migration rate per 10,000 members | by industry and by skill group | talent migration direction	LinkedIn members: white-collar, urban, English-literate. It measures a narrow slice and calls it talent. | Penetration differs by an order of magnitude across countries, so cross-country levels are not comparable, only within-country trends. | Location changes are self-reported and can lag or be aspirational. | No coverage of China and several large markets.	https://datacatalog.worldbank.org/search/dataset/0038044	not fetched
twitter-geo	Geotagged social media migration estimates	digital	Academic (Zagheni, Weber, State and others)	user trajectory aggregated to country pairs and months	Varies by study; global in principle	2011 onward, study-specific windows	Not maintained; replication datasets only	Replication packages; raw platform data increasingly closed	CSV	Platform APIs largely closed since 2023	Varies	Directed monthly migration network at high frequency	estimated migration rate | seasonality | post-shock displacement response within weeks	The platform APIs that made this work possible are now closed or priced out of reach. New collection is mostly not feasible. | Geotagging is a small and unrepresentative share of users. | Distinguishing migration from tourism and business travel needs an arbitrary dwell-time threshold. | Bias correction requires an external ground truth, which returns you to DESA.	https://www.demographic-research.org/	not fetched
gdelt	GDELT Global Knowledge Graph	digital	GDELT Project	news event and article, every 15 minutes	Global, 100+ languages	1979 onward for events; GKG from 2013	Every 15 minutes	Open; BigQuery public dataset and raw file downloads	CSV, BigQuery	Yes	Free with attribution	Actor-to-actor event network, and a country co-mention network. Migration-related events can be filtered by CAMEO code and theme (REFUGEES, MIGRATION, BORDER).	event actors, type, tone and Goldstein score | themes including refugee and migration codes | geographic mentions | article volume and tone by country	Media attention, not events. Volume tracks newsroom capacity. | Automated actor and event coding is noisy; published error rates for CAMEO coding are high enough to matter. | Deduplication of the same story across outlets is imperfect, so volume spikes can be one story reprinted. | English-language sources dominate despite the multilingual claim.	https://www.gdeltproject.org/	not fetched
wikidata-orgs	Wikipedia and Wikidata migration organisations (this repo)	actors	Harvested here from Wikimedia projects	organisation article, with country, type and founding date	Global, limited to organisations with an English Wikipedia article	Snapshot; founding dates span the whole history of each organisation	Re-runnable at any time via scripts/migration/run_all.py	Free APIs, no key, User-Agent header required	TSV produced by this repo; JSON from the APIs	Yes: MediaWiki action API and the Wikidata SPARQL endpoint	CC BY-SA for Wikipedia text, CC0 for Wikidata claims	Directed article-link network among organisations, plus a typed Wikidata tie network (member of, parent organisation, affiliation).	organisation type: IGO, NGO, charity, government agency, research institute, diaspora association | country of the organisation and how it was inferred | inception and dissolution dates | number of Wikipedia language editions as a reach proxy | the categories the organisation was found in	Wikipedia notability is the selection rule. Anglophone, formal and long-lived organisations are over-represented; grassroots and non-English-speaking ones are missing. | An article link is not a relationship. It can mean funding, opposition, a shared founder or a passing mention. | Country attribution falls back to the category name when Wikidata is silent, which is weaker evidence. The rule used is recorded per row. | Category membership on Wikipedia is inconsistent and editor-dependent, so the recall of any single crawl is unknown.	https://www.wikidata.org/	crawl run 2026-09-16 from 25 seed categories to depth 4
uia-yearbook	Yearbook of International Organizations	actors	Union of International Associations	international organisation profile	~75,000 organisations in 300 countries	1908 onward	Annual	Subscription database; some institutional access	Web database, limited export	No	Proprietary	Organisation-to-organisation relations and shared memberships. The most complete organisational network in existence for this domain, and the hardest to get at.	organisation type and aims | founding date | members by country | relations with other organisations | consultative status with UN bodies	Paywalled, with export restrictions that make bulk network construction difficult even with access. | Self-reported profiles, updated when organisations respond. | Coverage of national NGOs is thin; the focus is international bodies.	https://uia.org/yearbook	not fetched
acled-ucdp	ACLED and UCDP conflict event data	actors	ACLED; Uppsala Conflict Data Program	conflict event with date, actors, location and fatalities	Global (ACLED); global (UCDP GED)	ACLED 1997 onward by region; UCDP GED 1989 onward	ACLED weekly; UCDP annual with a monthly candidate release	Free registration for ACLED; open download for UCDP	CSV, API	Yes for both	ACLED: free for non-commercial with attribution. UCDP: CC BY.	Actor-to-actor conflict network, and geolocated events that join to displacement data as the driver side of the story.	event type, sub-event type, actors and interaction code | fatalities | precise coordinates and geoprecision flag | civilian targeting	Media-sourced, so the same attention bias as GDELT, moderated by human coding. | ACLED and UCDP disagree on totals for the same conflicts because of different inclusion rules. Pick one and say which. | Fatality figures in contested conflicts are estimates with wide ranges.	https://acleddata.com/	not fetched
emdat	EM-DAT International Disaster Database	actors	CRED, UCLouvain	disaster event: country, type, deaths, affected, damage	Global	1900 onward, reliable from 1970s	Continuous	Free registration for academic use	XLSX, CSV	Limited	Free for non-commercial research	Not a network. The environmental driver side, joined by country-year.	disaster type and subtype | deaths, injured, affected, homeless | economic damage | start and end dates | affected subregions	Entry threshold of ten deaths or a hundred affected excludes slow-onset events, which are the ones most linked to migration. | Reporting improves over time, so a rising trend is partly a reporting artefact. | 'Affected' is defined inconsistently across sources.	https://www.emdat.be/	not fetched
historical-census	Historical census and passenger records	history	IPUMS, national archives, Ellis Island Foundation	individual record or ship manifest line	Mostly Europe and the Americas	1820s onward	Static digitisation projects	Mixed: IPUMS free with registration, genealogy sites commercial	CSV, fixed-width, scanned images with transcriptions	Partial	Mixed	Origin -> destination at individual level for the age of mass migration, which is the only period with near-complete individual coverage of a migration wave.	port of departure and arrival | declared last residence | age, occupation, literacy, money carried | name of contact at destination, which yields a real social network	Transcription errors in names and places are pervasive. | Coverage is where records survived and were digitised, which is a European and North Atlantic story. | Return migration is invisible in arrival records; roughly a third of arrivals in some corridors went home.	https://international.ipums.org/international/	not fetched
migration-data-portal	Migration Data Portal	portal	IOM Global Migration Data Analysis Centre	curated indicator listing and country profiles	Global	Current	Continuous	Open web	Web, some downloads	No	Free with attribution	Not data itself. The best single index of who publishes what, including the definitions and the caveats.	indicator definitions | country profiles | thematic overviews with source lists	A directory, not a repository. Everything still has to be fetched from the original publisher. | Some linked sources are stale.	https://www.migrationdataportal.org/	not fetched
mpi-datahub	Migration Policy Institute Data Hub	portal	Migration Policy Institute	curated tables and interactive maps	United States in depth; global and European summaries	Current with historical series	Continuous	Open web with XLSX downloads	XLSX, web	No	Free with attribution	Not a network. Derived tables, pre-cleaned, good for sanity checks.	immigrant population by state and metro area | unauthorised population estimates | refugee admissions | European asylum trends	Derived from ACS and official sources, so it inherits their limits and adds MPI's own modelling for unauthorised estimates. | US-centric. | Tables, not microdata.	https://www.migrationpolicy.org/programs/migration-data-hub	not fetched
hdx	Humanitarian Data Exchange	portal	UN OCHA Centre for Humanitarian Data	dataset records from hundreds of organisations	Global, crisis-focused	2014 onward	Continuous	Open, with an API and a Python client	CSV, XLSX, GeoJSON	Yes: CKAN API	Varies by dataset, mostly open	Not a network. The place to find displacement, needs assessment and population movement tracking data for a specific crisis.	IOM Displacement Tracking Matrix country datasets | population movement and flow monitoring | humanitarian needs by admin level | administrative boundaries and population rasters	Quality varies enormously between contributors. | Crisis datasets are snapshots that stop when the response ends. | Admin boundary and naming mismatches across datasets from the same country are the normal case, not the exception.	https://data.humdata.org/	not fetched
iom-dtm	IOM Displacement Tracking Matrix	portal	IOM	site, area or flow-monitoring point assessment	~90 countries in crisis	2004 onward, country-specific windows	Continuous per operation, from daily to quarterly	Open via dtm.iom.int and HDX, with an API	CSV, XLSX, API	Yes	Free with attribution	Flow monitoring records origin and intended destination at individual-journey level, which yields a real movement network inside crisis corridors.	displaced population by site and admin area | flow monitoring: travellers per day, origin, intended destination, reason for moving, means of transport | needs and vulnerabilities per site | returnee tracking	Operational data collected for response, not research. Methods change between rounds within the same country. | Flow monitoring points cover selected routes; coverage is purposive, not a sample. | Intended destination is stated intent at one moment on a journey. | Comparability across countries is poor by design.	https://dtm.iom.int/	not fetched
cepii-gravity	CEPII Gravity and GeoDist databases	gravity	CEPII	country pair x year	252 countries, complete pair matrix	1948-2021 for Gravity; GeoDist is time-invariant	Roughly every two years	Open download, no registration	CSV, Stata, R, parquet	No	Free for research with citation	A complete weighted pair matrix of everything except migration. This is the null model for a migration network: distance, adjacency, shared language, shared coloniser, shared currency.	population-weighted and simple bilateral distance | contiguity | common official language, common spoken language | colonial relationship ever, common coloniser, year of independence | regional trade agreement in force | common currency | GDP, population and area for both ends	Distance is between population-weighted centroids of the largest cities. For a migration question it is the wrong distance: what matters is route feasibility, not great-circle kilometres. | 'Common official language' misses lingua francas and misses the difference between an official language and one people speak. | The colonial variables are binary and recent-biased; they cannot express the intensity or the length of the relationship. | Ends in 2021 in the current release.	https://www.cepii.fr/CEPII/en/bdd_modele/bdd_modele.asp	not fetched
cepii-language	CEPII linguistic proximity (Melitz and Toubal)	gravity	CEPII	country pair, language overlap indices	195 countries	Time-invariant	Static	Open download	CSV, Stata	No	Free with citation	Weighted undirected language-overlap network. Explains a large share of migration ties that distance cannot.	common native language probability | common spoken language probability | linguistic proximity from language-tree distance | common official language	Built from country-level language shares, so it assumes random matching between two populations. | Static. It cannot capture English spreading as a second language. | Language trees measure genealogy, not mutual intelligibility.	https://www.cepii.fr/CEPII/en/bdd_modele/bdd_modele.asp	not fetched
cow-igo	Correlates of War Intergovernmental Organizations dataset	gravity	Correlates of War Project	country x organisation x year, membership	Global, ~530 intergovernmental organisations	1815-2014 (v3)	Periodic version releases	Open download	CSV, Stata	No	Free with citation	Bipartite country-organisation membership, which projects to a weighted country co-membership network. The obvious explanation to test against any migration clique you find.	membership status: full, associate, observer | organisation founding and dissolution years | co-membership counts per pair	Ends in 2014. | Membership is not integration. Sitting in the same body says nothing about whether the border is open. | Organisation coverage is skewed toward formal treaty bodies.	https://correlatesofwar.org/data-sets/igos/	not fetched
free-movement	Free movement protocols and regional mobility agreements	gravity	IOM, ILO, African Union, WTO RTA database	agreement x member states x entry-into-force date	Global, assembled from several partial inventories	1950s onward	Irregular; no single maintained register	Report annexes, the WTO RTA Information System, ILO inventories	PDF annexes, some XLSX; assembly required	WTO RTA-IS has a search interface, not a bulk API	Mixed, mostly free with attribution	Country blocs with legal free movement: EU/EEA plus Switzerland, the Nordic Passport Union, ECOWAS, EAC, CARICOM, MERCOSUR residence, GCC, the Trans-Tasman arrangement, the Common Travel Area. These are the cliques you would expect to find, so finding them is not a result.	right of entry, residence and work, separately | entry into force and any suspension | labour mobility provisions inside trade agreements	No single authoritative dataset exists. It has to be assembled by hand, and different inventories disagree on what counts as free movement. | Legal right and practical exercise diverge sharply. ECOWAS grants free movement on paper and border practice does not follow. | Suspensions (Schengen internal border controls since 2015) are recorded nowhere consistently.	https://rtais.wto.org/	not fetched
un-treaties	UN Treaty Collection ratification status	gravity	United Nations Office of Legal Affairs	country x treaty x action x date	Global	1945 onward	Continuous	Open web database; scraping needed for bulk	Web, HTML tables	No official API	UN terms	Bipartite country-treaty, projecting to a legal-alignment network.	1951 Refugee Convention and 1967 Protocol, with reservations | 1954 and 1961 statelessness conventions | 1990 Migrant Workers Convention (ICRMW) | Palermo Protocols on trafficking and smuggling | signature, ratification and reservation dates	Reservations matter enormously and are free text, so they resist coding. Several states ratified the Refugee Convention with a geographic limitation that changes what it means. | Ratification is not compliance. | No bulk download; the tables have to be scraped.	https://treaties.un.org/	not fetched
openflights	OpenFlights and OurAirports route data	competing	OpenFlights project; OurAirports	airline x source airport x destination airport	~67,000 routes, ~3,300 airlines, ~10,000 airports	Snapshot, last major refresh around 2014	OpenFlights is effectively frozen; OurAirports is community-updated	Open download from GitHub	CSV with coordinates	No	Open Database License	Directed city-pair and airport-pair network. The transport layer the betweenness question needs, and the only free one at airport level.	route existence by airline | airport coordinates, IATA and ICAO codes | number of stops | equipment type	Stale. The 2014 snapshot predates Gulf carrier expansion, COVID network cuts and every low-cost route since. Betweenness computed on it describes 2014. | Route existence, not capacity. A daily A380 and a weekly turboprop are the same edge. | Airport-level, so a multi-airport city needs manual aggregation before it answers a question about cities.	https://openflights.org/data.html	not fetched
opensky	OpenSky Network flight data	competing	OpenSky Network	individual flight: aircraft, origin and destination airport, times	Global where ADS-B receivers exist; dense in Europe and North America	2016 onward; the COVID-19 dataset covers 2019 onward continuously	Live, with monthly historical dumps	Free for research after registration; the COVID dataset is open on Zenodo	CSV, Parquet, Trino/Impala query access	Yes, REST and a Python client	CC BY for the published datasets	Directed airport-pair network with actual flight counts per day. This is the dataset that shows COVID collapsing and recovering, edge by edge, at daily resolution.	flights per airport pair per day | aircraft type and operator | departure and arrival times | full trajectories for a subset	Coverage follows volunteer receivers. Africa, central Asia and oceanic sectors are thin, which is exactly where some interesting routes are. | Origin and destination airports are inferred from trajectories, not filed plans, so short and low-altitude flights are missed. | Flights are not passengers. Cargo and repositioning flights are in there. | Large. The COVID dataset alone runs to tens of gigabytes.	https://opensky-network.org/datasets/	not fetched
comtrade-baci	UN Comtrade and CEPII BACI bilateral trade	competing	UN Statistics Division; CEPII	exporter x importer x product x year, value and quantity	Global, ~200 reporters	Comtrade from 1962; BACI from 1995	Annual, with monthly Comtrade series	Comtrade free tier with rate limits and a paid bulk tier; BACI free after registration	CSV, JSON; BACI is a single large CSV per year	Yes for Comtrade	UN terms; BACI free for research	Weighted directed trade network, complete and annual. The standard comparison: if migration centrality just reproduces trade centrality, there is nothing migration-specific to report.	export and import value by HS product code | quantities | BACI reconciles mirror discrepancies into one value	Comtrade mirror statistics disagree; exporter-reported and importer-reported values for the same flow differ by a lot. BACI exists to patch this and its patching is a model. | Free API rate limits make a full matrix pull slow. | Entrepôt trade (Netherlands, Singapore, Hong Kong) inflates their betweenness for reasons that have nothing to do with migration.	https://comtradeplus.un.org/	not fetched
imf-portwatch	IMF PortWatch	competing	IMF and Oxford University, from AIS satellite data	port x day, and chokepoint x day, vessel transits	~1,400 ports, 25 maritime chokepoints	January 2019 onward, daily	Daily, with about a two-day lag	Open portal with downloads and an ArcGIS feature service	CSV, GeoJSON	Yes	Free with attribution	Port-to-port trade flow estimates, and a direct daily series for the Strait of Hormuz, Bab el-Mandeb, Suez, Panama and the Bosphorus. This is the dataset for a chokepoint event study.	daily vessel transits by chokepoint and cargo type | port calls and estimated trade volume by port | disruption simulation results	Ships, not people. It answers what a chokepoint closure did to trade and says nothing directly about migration. | Volumes are estimated from AIS vessel characteristics, not manifests. | AIS can be switched off, and is, on sanctioned routes.	https://portwatch.imf.org/	not fetched
lowy-diplomacy	Lowy Institute Global Diplomacy Index	competing	Lowy Institute	sending country x host city, diplomatic post	~110 countries, ~11,000 posts	2016, 2017, 2019, 2021, 2024 editions	Every two to three years	Open interactive site; bulk data needs scraping	Web, JSON behind the visualisation	No official API	Free with attribution	Directed network of embassies and consulates, at city level. Where a country has a consulate is where its nationals can get a visa, so this is a real component of 'how easy is it to get there'.	embassies, consulates general, permanent missions, other posts | host city | network size ranking	110 countries, so most of the sending side of the world is missing. | A post existing is not a post issuing visas; many consulates do no consular work. | Editions are years apart, so closures during a crisis are invisible.	https://globaldiplomacyindex.lowyinstitute.org/	not fetched
unga-voting	UN General Assembly voting data	competing	Erik Voeten, Harvard Dataverse	country x resolution x vote	Global, all member states	1946 onward	Annual updates	Open download	CSV, Stata, R	No	CC0	Country similarity network from vote agreement, plus ideal-point estimates. Tells you whether a migration clique is a political bloc.	vote choice per resolution | ideal point estimates with uncertainty | agreement scores between country pairs | issue codes including human rights	UNGA votes are cheap talk. Agreement there does not imply cooperation on anything costly. | Most resolutions pass by consensus and carry no information. | Ideal points are a one-dimensional summary of a multidimensional thing.	https://dataverse.harvard.edu/dataverse/Voeten	not fetched
wikimedia-clickstream	Wikimedia Clickstream and Pageviews	competing	Wikimedia Foundation	referrer article -> target article, monthly click count; and article x day views	Major language editions	2015 onward, monthly dumps	Monthly	Open dumps, no registration	TSV.gz dumps; REST API for pageviews	Yes for pageviews	CC0	A weighted version of the article-link network in this repo: how many readers actually walked each edge. Turns a link graph into a traffic graph, which changes every centrality on it.	clicks per article pair per month | link type: link, external, other | daily pageviews per article by access method and agent	Counts under ten are dropped from the clickstream for privacy, which removes most edges in a small domain like ours. | Reader attention, not importance. A news cycle moves it. | Bot filtering is imperfect despite the agent field. | One language edition at a time; the English one carries an anglophone readership.	https://dumps.wikimedia.org/other/clickstream/	not fetched
oxcgrt	Oxford COVID-19 Government Response Tracker	events	Blavatnik School of Government, University of Oxford	country (and US state, some subnational) x day x policy indicator	180+ countries	1 January 2020 to 31 December 2022	Closed series, complete	Open on GitHub	CSV	Yes	CC BY	Node attributes at daily resolution. C8 international travel controls is the variable that makes COVID border closure an event study rather than an anecdote.	C8 international travel controls, 0 to 4 | C7 internal movement restrictions | stringency index, containment and health index | school and workplace closure, stay-at-home orders	C8 is a country-level ordinal, so it cannot say which origins were banned. A ban on three countries and a total closure can score the same. | Policy on paper, again. Enforcement varied. | Ends at the close of 2022.	https://github.com/OxCGRT/covid-policy-dataset	not fetched
iom-travel-restrictions	IOM COVID-19 travel and mobility restrictions	events	IOM Displacement Tracking Matrix	country x point in time x restriction type; and point of entry status	Global, ~240 countries and territories, ~7,000 points of entry	March 2020 to 2022	Closed; was updated twice weekly	Open via dtm.iom.int and HDX	CSV, XLSX	Partial	Free with attribution	Directed, and this is the point: IOM recorded which nationalities each country barred, so the COVID border regime is a bilateral network, not a single index.	points of entry fully or partially closed, by air, land and sea | nationality-specific entry bans | exceptions for residents, medical and essential travel | quarantine and testing requirements	Collected from official announcements, so it records the rule on the day it was announced, not the day it took effect. | Point-in-time snapshots rather than a clean daily panel; reconstructing a continuous series needs interpolation. | Stops in 2022.	https://dtm.iom.int/	not fetched
unhcr-operational	UNHCR Operational Data Portal	events	UNHCR	situation x country x date, arrivals and border crossings	Active emergencies: Ukraine, Sudan, Afghanistan, Venezuela, Syria and others	Situation-specific, mostly 2015 onward	Daily to weekly during an emergency	Open portal with downloads and an API	CSV, JSON	Yes	Free with attribution	Origin -> neighbouring country arrivals at daily or weekly resolution. The only place a displacement shock is visible while it happens.	border crossings per day by crossing point | refugees recorded in each neighbouring country | onward movement to third countries | returns to the country of origin	Only where there is an active response. A shock without an emergency declaration leaves no trace here. | Border crossing counts are movements, not people, and include back-and-forth travel, which was large in Ukraine. | Series definitions change as a response matures, and old figures get revised without a changelog. | Portals are archived and sometimes taken down when a situation closes.	https://data.unhcr.org/	not fetched
us-visa-issuance	US monthly immigrant and nonimmigrant visa issuance statistics	events	US Department of State, Bureau of Consular Affairs	month x visa class x nationality x issuing post	United States, all consular posts worldwide	2017 onward monthly; annual back further	Monthly, with about a two-month lag	Open download	PDF and XLSX tables, monthly files	No	US public domain	Origin nationality -> US, monthly, split by visa class and by the consulate that issued it. The sharpest instrument for measuring what a travel ban or a policy change did, and when.	visas issued by class: H-1B, F-1, B1/B2, immigrant preference categories, diversity visa | by nationality and by post | refusals under specific grounds in the annual tables	Issuance, not arrival or stay. Many issued visas are never used. | Published as monthly PDFs and workbooks with inconsistent layouts, so building a panel is a parsing job. | Consular capacity confounds everything. A post that closed issues zero visas whatever the policy says. | One destination.	https://travel.state.gov/content/travel/en/legal/visa-law0/visa-statistics.html	not fetched
wraps	US Refugee Processing Center arrivals (WRAPS)	events	US Department of State Refugee Processing Center	month x nationality x religion x US state of resettlement	United States	2002 onward monthly	Monthly	Open download from the interactive reporting site	XLSX, CSV	No	US public domain	Origin -> US state resettlement flows, monthly. Shows the effect of an admissions ceiling change within weeks.	refugee arrivals by nationality and month | state and city of initial resettlement | religion | resettlement agency | annual presidential determination ceiling	Resettlement is a programme, not migration. The numbers move because the ceiling moved, which is the point but also the limit. | Initial placement only; secondary migration within the US is invisible and is large. | The site's export formats change between administrations.	https://www.wrapsnet.org/admissions-and-arrivals/	not fetched
schengen-visa-stats	Schengen visa statistics by consulate and nationality	events	European Commission, DG Migration and Home Affairs	Schengen state x consulate x applicant nationality x year	All Schengen consulates worldwide	2010 onward	Annual	Open download	XLSX	No	Reuse with attribution	Weighted directed: applications and refusals from every nationality to every Schengen state. The refusal rate is the honest answer to 'how easy is it to get there', far better than the binary visa requirement.	short-stay visa applications, issued, refused | refusal rate by nationality and by consulate | multiple-entry visa share | airport transit visas	Short-stay visas only. Work and study permits are national and are published separately or not at all. | Annual, so it cannot resolve a policy change within a year. | Applications are filtered by expectation. A nationality with a 60% refusal rate also has people who never applied, so the rate understates the barrier. | Consulate workload and appointment scarcity are invisible and are often the real constraint.	https://home-affairs.ec.europa.eu/policies/schengen-borders-and-visa/visa-policy_en	not fetched
mmc-4mi	Mixed Migration Centre 4Mi	events	Mixed Migration Centre, Danish Refugee Council	individual interview with a person on the move, at a route point	West, North and East Africa, Asia, Latin America, Europe	2014 onward, continuous	Continuous, with monthly and quarterly snapshots	Open dashboards and downloadable datasets	CSV, XLSX	Partial	Free with attribution	Multi-step journeys: departure country, every transit country, intended destination. Almost nothing else records the middle of a journey, and betweenness without it is guesswork.	route taken, waypoint by waypoint | cost paid and to whom | duration | smuggler use | protection incidents on route | reason for leaving and for choosing the destination | change of intended destination during the journey	Purposive sampling at accessible route points. It is not representative of people on the move and the publisher says so plainly. | Interviewees who died or were detained are not interviewed, so the sample is conditioned on survival and mobility. | Geographic coverage follows funded programmes. | Self-reported costs and durations.	https://mixedmigration.org/4mi/	not fetched
google-trends	Google Trends migration search interest	events	Google	region x week x search term, relative interest 0-100	Global, at country and subnational level	2004 onward	Daily to weekly	Free web interface; unofficial Python clients	CSV export	No official API	Google terms; no redistribution of raw series	Not a network. A leading indicator: searches for emigration terms move weeks before the movement does, which is how the nowcasting literature detects a shock early.	relative search interest for terms such as 'jobs in Germany', 'asylum application', 'visa sponsorship' | related queries and rising queries | subnational breakdown within a country	Indexed to 100 within the query window, so two pulls are not comparable and the absolute level is unknowable. | Sampled, so repeated identical queries return slightly different series. | Language choice determines the result, which makes cross-country comparison a translation problem. | Search interest is not intent and intent is not migration.	https://trends.google.com/trends/	not fetched
gawc	GaWC world city network	cities	Globalization and World Cities Research Network, Loughborough	city pair, connectivity derived from advanced-producer-service firm offices	~700 cities worldwide	2000, 2004, 2008, 2010, 2012, 2016, 2020 rounds	Every few years	Open data bulletins	XLSX, CSV	No	Free with citation	A weighted inter-city network built from where firms put offices. The reference point for any claim that a city is a hub, and it is already a network, which almost no city data is.	global network connectivity score | alpha, beta, gamma city classification | city-pair connectivity by sector	Measures corporate service networks. A city can be a migration hub and a corporate backwater, and Istanbul, Nairobi and Tijuana are exactly that case. | Firm office lists are the raw input, so it tracks accountancy and law, not people. | Rounds are years apart.	https://www.lboro.ac.uk/gawc/	not fetched
city-foreignborn	City-level foreign-born population	cities	Eurostat Urban Audit; OECD Metropolitan Areas; national statistics offices	city or metropolitan area x year, population by birthplace or citizenship	Europe and OECD in depth; the rest of the world patchy	2000 onward for Urban Audit; varies elsewhere	Annual where it exists	Eurostat database and OECD Data Explorer	TSV, CSV, SDMX	Yes for both	Reuse with attribution	Node attributes on cities. There is no global city-to-city migration matrix, and assembling one from these is the single biggest gap for the hub question.	foreign-born and foreign-national population by city | share of total city population | by broad region of origin where published | metropolitan area definitions that are comparable across countries	No origin detail in most city tables, so you get a node attribute and not an edge. | City boundaries differ between sources; Urban Audit cities, functional urban areas and administrative cities are three different things. | Outside Europe and the OECD this is a collection of incompatible national sources. | IPUMS International is the fallback and gives city-level birthplace at individual level, at the cost of ten-year census rounds.	https://ec.europa.eu/eurostat/web/cities/database	not fetched
travel-time-friction	Global friction surface and travel time to cities	cities	Malaria Atlas Project (Weiss et al.)	1 km raster cell, minutes of travel per metre and time to nearest city	Global land surface	2015 and 2019 surfaces	Occasional	Open download; available through Google Earth Engine	GeoTIFF	Earth Engine	CC BY	Not a network, but it builds one: least-cost paths across it give real land travel times between any two places, which is what 'how easy is it to get there' means on foot and by road.	motorised travel speed per cell from roads, rivers, railways, land cover and slope | accumulated travel time to the nearest city of 50,000+	It assumes you may travel. Borders, checkpoints, minefields and the sea are not modelled as barriers to a migrant. | Road network quality comes from OpenStreetMap, which is uneven. | Static surfaces, so a closed border or a destroyed bridge is invisible.	https://malariaatlas.org/	not fetched
image-internal	IMAGE internal migration around the globe	cities	University of Queensland (Bell, Charles-Edwards, Stillwell and others)	subnational region pair x period, internal migration	~130 countries with comparable internal migration measures	Census rounds, roughly 1990 onward	Static research output	Project repository and published supplementary data	CSV, spatial files	No	Academic use with citation	Subnational origin-destination networks inside countries. Internal migration is several times larger than international migration, and leaving it out makes every hub claim partial.	crude migration intensity | migration effectiveness | aggregate net migration rate | distance decay parameters | origin-destination matrices at the finest available geography	Comparability is the whole research problem: countries use different region sizes and different time intervals, and the measures correct for this imperfectly. | Census-based, so five to ten year intervals. | Not maintained as a live series.	https://imageproject.com.au/	not fetched
un-wpp	UN World Population Prospects	context	UN DESA Population Division	country x year x age x sex, estimates and projections	237 countries and areas	1950-2100 (2024 revision)	Every two years	Open download and an API	CSV, XLSX	Yes	Free with attribution	Node attributes, and the denominator for every rate you will compute.	total population, age structure, median age | net migration rate by country and year | fertility, mortality, dependency ratios | projections under several migration assumptions	Net migration in WPP is the residual that balances the population accounts. It absorbs census error and should never be treated as a migration measurement. | Projections embed a migration assumption, so using them to study migration is circular. | Revisions change history: the same year gets different values across revisions.	https://population.un.org/wpp/	not fetched
vdem	V-Dem Varieties of Democracy	context	V-Dem Institute, University of Gothenburg	country x year, ~500 indicators	202 countries	1789 onward	Annual, each March	Open download; R package	CSV, R, Stata	No	Free for research	Node attributes. The regime-type covariate, and the push-factor measure that ACLED cannot give you.	liberal, electoral, participatory and deliberative democracy indices | civil liberties, freedom of movement, freedom of expression | political violence and repression | exclusion by social group	Expert-coded with measurement-model uncertainty. Use the confidence intervals; most users do not. | Country-year, so it cannot time a shock. | Aggregate indices hide which component moved.	https://v-dem.net/data/the-v-dem-dataset/	not fetched
nd-gain	ND-GAIN Country Index	context	Notre Dame Global Adaptation Initiative	country x year, vulnerability and readiness scores	192 countries	1995 onward	Annual	Open download	CSV	No	Free with attribution	Node attributes. The climate push factor, for the part of the migration story that EM-DAT's ten-death threshold misses.	vulnerability across food, water, health, ecosystems, habitat, infrastructure | readiness: economic, governance, social | exposure, sensitivity and adaptive capacity separately	Composite of composites. The weighting is a choice and results move with it. | Vulnerability and GDP per capita are strongly correlated, so it is partly a restatement of income. | Country-level, while climate exposure is intensely local.	https://gain.nd.edu/our-work/country-index/	not fetched
ocha-fts	UN OCHA Financial Tracking Service	actors	UN Office for the Coordination of Humanitarian Affairs	funding flow: donor organisation -> recipient organisation, with destination country, appeal and sector	Global humanitarian funding	2000 onward	Continuous, reported by donors and agencies	Open, with a documented REST API and no key	JSON, CSV	Yes: api.hpc.tools	Free with attribution	A directed weighted organisation-to-organisation money network, with a country on every edge. This is the real version of what the Wikipedia link network in this repo approximates.	amount committed and paid, in USD | source and destination organisation, typed as government, UN agency, NGO, pooled fund or private | destination country and emergency | sector, including protection and refugee response | appeal coverage against requirements	Voluntary reporting. Coverage of non-Western donors and of local NGOs is poor, so the network looks more Western-centric than it is. | Earmarked pass-through funding creates chains that double count if you sum edges naively. A UN agency receiving and regranting appears twice. | Humanitarian only. Development spending on migration is in the OECD DAC system instead. | Organisation names are not cleanly keyed, so the same NGO appears under several spellings and needs reconciling before it becomes a node.	https://fts.unocha.org/	not fetched
iati	IATI Registry	actors	International Aid Transparency Initiative	aid activity: reporting organisation, participating organisations, recipient country, sector, transactions	~1,500 publishers, millions of activities	2011 onward	Continuous	Open registry, Datastore API, no key for basic use	XML, with CSV and JSON through the Datastore	Yes	Mostly open, per publisher	Funder -> implementer -> recipient country, at activity level. Combined with FTS it gives a full organisational funding network including development as well as humanitarian money.	commitments and disbursements by transaction | participating organisation roles: funding, accountable, extending, implementing | OECD DAC sector codes, including 72010 emergency relief and the migration-relevant codes | recipient country and region | results frameworks where published	Data quality varies by publisher from excellent to unusable. Some publish activities with no transactions at all. | Organisation identifiers are inconsistent despite the standard, so node resolution is most of the work. | Self-reported and unaudited. | XML at scale is awkward; the Datastore is the practical entry point.	https://iatiregistry.org/	not fetched
oecd-crs	OECD DAC Creditor Reporting System	actors	OECD Development Assistance Committee	donor x recipient x year x sector x project, aid commitments and disbursements	All DAC donors plus many non-DAC reporters	1973 onward, detailed from 2002	Annual	Open bulk download and SDMX	CSV, SDMX	Yes	OECD terms, free	Donor country -> recipient country weighted aid network, filterable to migration and refugee sectors.	aid by purpose code, including refugee support | in-donor refugee costs, reported as aid | channel of delivery: which NGO or multilateral implemented it | commitments and gross disbursements	In-donor refugee costs are counted as aid to the recipient country, which means a donor can raise its aid figure by hosting refugees at home. Any analysis that sums 'aid for migration' without excluding this is measuring domestic spending. | Two-year publication lag. | Purpose codes are assigned by the donor and applied inconsistently.	https://www.oecd.org/en/data/datasets/creditor-reporting-system.html	not fetched
ecosoc-icso	UN ECOSOC consultative status database (iCSO)	actors	UN Department of Economic and Social Affairs	NGO profile: name, country, status, year granted, areas of work	~6,500 NGOs with consultative status	1946 onward	Continuous	Open web database; scraping needed for bulk	Web, HTML	No	UN terms	Bipartite NGO-to-UN-body accreditation, which projects to an NGO co-accreditation network. A cleaner organisational spine than Wikipedia categories, with a country on every node.	consultative status: general, special, roster | country of headquarters and countries of operation | areas of work including migration and refugees | year status granted	Status is a UN relationship, not influence. Many accredited NGOs are dormant. | Self-described areas of work, so the migration filter is unreliable. | No bulk export; it has to be scraped, and the site is slow.	https://esango.un.org/civilsociety/	not fetched
irs-990	US IRS Form 990 filings	actors	US Internal Revenue Service, mirrored on AWS Open Data	nonprofit organisation x tax year, full return including grants made	United States, ~1.5 million registered nonprofits	2011 onward for machine-readable e-file data	Continuous as returns are filed	Open bulk XML on AWS S3; ProPublica Nonprofit Explorer as a front end	XML, with derived CSV from Candid and ProPublica	Yes, ProPublica	US public domain	Schedule I lists grants made to named recipients, which yields a funder -> grantee network among US nonprofits. Combined with the NTEE code for international relief and refugee assistance, it gives the US slice of the migration NGO funding network.	revenue, expenses, assets, programme service expenses | grants made, with recipient name, address and purpose | officer compensation | NTEE classification including Q33 international relief and P84 ethnic and immigrant services | foreign activity by region on Schedule F	United States only. | Recipient names are free text with no identifier, so building edges means entity resolution on messy strings. | Filing lags by up to two years. | Small organisations file the 990-N postcard with almost no content, which removes exactly the grassroots groups you would want.	https://registry.opendata.aws/irs990/	not fetched
dst-statbank	Statistics Denmark StatBank	denmark	Danmarks Statistik	varies by table; the migration tables are municipality x country x period x sex x age	Denmark, 98 municipalities and 5 regions, against 242 countries	1980 onward for the annual series; weekly since 2021	Weekly, monthly, quarterly and annual depending on the table	Free REST API, no key, no registration	CSV, JSON, JSON-stat, XLSX	Yes: api.statbank.dk/v1/	Free reuse with attribution	Weighted directed, both directions, at municipality resolution. Denmark is one endpoint and 242 countries are the other, plus a complete 98-node internal migration network between municipalities.	VAN1AAR / VAN1KVT / VAN1UGE: immigrations by municipality, country of last residence, citizenship, sex and age. Annual from 2007, quarterly from 2007Q2, WEEKLY from 2021W52 | VAN2AAR / VAN2KVT: emigrations by country of destination, same breakdowns. A register measures this; almost no other country does | INDVAN / UDVAN: the same flows back to 1980, without the geography | FLY66: internal migration between all 98 municipalities, 2006-2025, by age and sex. A complete city-to-city network | FOLK1C / FOLK2: population by municipality, ancestry and country of origin, quarterly from 2008 and annual from 1980 | VAN5M / VAN5RKAM: asylum applications by citizenship, MONTHLY from 2014M01 | VAN66 / VAN77M: residence permits by citizenship and permit type, annual from 1997 and monthly from 2014. The permit type is the legal pathway, which the global sources never give you | DKSTAT: acquisitions of Danish citizenship by former citizenship, 1979 onward | KRYDS1: a person's origin, own country of birth, and both parents' country of birth and citizenship	One country. Every finding is about Denmark until you show otherwise. | The official 'Western / non-Western' ancestry split is a Danish administrative category with a political history, not a neutral geographic one. Use country of origin and say why. | 'Ancestry' (herkomst) classifies a Danish-born child of two immigrants as a descendant for life, and the category changes if one parent naturalises. It is a legal construct, not a measure of who someone is. | Immigration is counted at register entry, which requires an intended stay of at least three months and a CPR number. Short stays, EU posted workers and undocumented people are outside it entirely. | Small cells are rounded or suppressed for disclosure control, and municipality-by-country cells are mostly small. | Variable codes are Danish even in the English interface (OMRÅDE, KØN, ALDER, INDVLAND, STATSB, Tid), and sex has no total category: request both values or omit the variable.	https://www.statbank.dk/	fetched 2026-09-16: the API answers without a key; VAN1AAR has 105 regions, 242 countries of last residence, 241 citizenships and 19 years, last updated 2026-02-12. The 2024 pull gives Ukraine 8,756, Germany 6,888, USA 6,513, Romania 4,916 and Sweden 4,347 as the top origins.
dst-forskerservice	Statistics Denmark Research Services register microdata	denmark	Danmarks Statistik Forskningsservice	individual, linkable across every register by an anonymised personal key	The entire resident population of Denmark	1980 onward for most registers; some back to 1968	Annual register updates	Authorised research institution, an approved project and a paid remote-desktop environment. DTU is an authorised institution, so access runs through a supervisor's project rather than a course.	SAS, Stata and R inside a locked remote environment; no data leaves it	No	Project-bound agreement	Individual migration histories with exact dates in and out, linkable to family, address, employer, education and income. The richest migration data that exists anywhere, and the hardest to reach.	VNDS: every in-migration and out-migration event with dates and countries | BEF: population register with country of birth, citizenship, family links and address | IDA and RAS: employer-employee links and labour market status | UDDA: completed education, including qualifications gained abroad | IND: income and transfers | Everything joins on the same key, so a migrant's whole trajectory in Denmark is observable	Not usable for a weekly course post. Approval takes months, costs money and needs an institutional project. | Nothing can be exported except aggregated output cleared by the disclosure rules, so no figure with small cells leaves the environment. | It observes people after they arrive. Why they came and what happened to those who did not are both invisible. | People who leave without deregistering keep a live record, so emigration dates carry error even here.	https://www.dst.dk/en/TilSalg/Forskningsservice	not fetched
nyidanmark	Danish Immigration Service and SIRI statistics	denmark	Udlændingestyrelsen and Styrelsen for International Rekruttering og Integration	case: permit or asylum decision by nationality, type and month	Denmark	Mostly 2010 onward, some series longer	Monthly for asylum, annual for the full account	Open download from nyidanmark.dk; the Udlændingedatabasen sits inside StatBank	XLSX, PDF; the StatBank tables are the machine-readable route	Through StatBank	Free reuse with attribution	Origin nationality to Denmark, split by the legal route taken: asylum, family reunification, work, study, EU rules.	asylum applications, decisions and recognition rates by nationality | residence permits by type: work, study, family, EU/EEA, au pair | family reunification decisions and refusals | revocations and returns | unaccompanied minors | quota (resettlement) refugee arrivals	Case counts, not people. One person can generate an application, an appeal and a permit. | Recognition rate computed as decisions over applications in the same month is wrong; decisions lag applications by months. | Published as workbooks whose layout changes between years, so building a panel means parsing. | Denmark's opt-out from EU asylum and migration rules makes several series not comparable with other member states, which is a feature for a comparison and a trap for a pooled analysis.	https://www.nyidanmark.dk/en-GB/Statistics	not fetched
integrationsbarometer	Integrationsbarometer	denmark	Udlændinge- og Integrationsministeriet	municipality x year x indicator	All 98 Danish municipalities	2012 onward	Annual	Open web with downloads	XLSX, web	No	Free reuse with attribution	Node attributes on municipalities, which pairs directly with the FLY66 internal migration network.	employment rate of immigrants and descendants by municipality | education participation and completion | Danish language test results | crime rate among immigrants and descendants | share living in deprived residential areas | naturalisation rate	Indicators chosen by a ministry with a policy position. What is measured is itself an argument. | 'Deprived residential area' is a statutory Danish category with legal consequences, not a neutral descriptor. | Municipality-level, so composition effects drive most cross-municipality differences.	https://integrationsbarometer.dk/	not fetched
folketinget-oda	Folketinget Open Data (oda.ft.dk)	denmark	Folketinget, the Danish parliament	case, document, actor, meeting, vote and speech	The Danish parliament	1990s onward, with full text from around 2009	Continuous, updated daily	Open OData API, no key, no registration	JSON, XML	Yes: oda.ft.dk/api/	Free reuse	Actor-to-case and actor-to-actor networks: who proposed what with whom, who voted together. And the text layer for weeks 5 to 8: every speech about migration, by party and by year.	bills and their full document text | individual voting records per member | committee membership | speeches and meeting transcripts | case status, type and subject classification | actors: members, ministers, parties, committees	Danish. Any NLP on it needs Danish models, and the English tooling in the course will underperform. | The data model is large and awkwardly documented; joining cases to speeches to actors takes real work. | Full text coverage thins out before about 2009. | Parliamentary speech is performance. It measures how migration is talked about, not what was done.	https://oda.ft.dk/	fetched 2026-09-16: the OData endpoint answers without a key.
cvr	Danish Central Business Register (CVR)	denmark	Erhvervsstyrelsen	registered legal entity, including associations and foundations	Every registered organisation in Denmark	Current, with history of changes	Continuous	Free bulk access through Virk's Elasticsearch endpoint after registration; cvrapi.dk for light lookups without one	JSON	Yes	Free reuse	Not a network by itself, but it fixes the worst limitation of the organisation layer in this repo: Wikipedia only has organisations notable enough for an article, while CVR has all of them. For the Danish slice you can have the whole population of migration organisations, not the famous ones.	name, CVR number, founding date, legal form | industry code, including the codes for social work and membership organisations | registered address and municipality | board members and management, which gives an interlock network | annual accounts for entities that file them | status: active, dissolved, bankrupt	Industry codes are self-selected and coarse. There is no 'migration' code, so finding the relevant organisations means filtering on name and purpose text, which is error-prone in both directions. | Small voluntary associations without a CVR number are absent, and many grassroots migrant groups are exactly that. | Bulk access needs a Virk account; the light API is rate-limited. | Board member names without identifiers, so interlocks need entity resolution.	https://datacvr.virk.dk/	fetched 2026-09-16: cvrapi.dk answers a name lookup without a key.
nordic-statistics	Nordic Statistics Database	denmark	Nordic Council of Ministers	Nordic country pair x year, migration and population	Denmark, Sweden, Norway, Finland, Iceland, Faroe Islands, Greenland, Åland	1990 onward for most series	Annual	Open PxWeb API, no key	JSON, CSV, PX	Yes: pxweb.nordicstatistics.org/api/v1/	Free reuse with attribution	A small, complete, harmonised migration network between the Nordic countries, both directions. The Nordic Passport Union has run since 1954, so this is what a migration clique looks like when free movement has had seventy years to work.	migration between Nordic countries by sex and age | immigration from and emigration to the rest of the world | foreign-born population by background | harmonised labour market and education indicators	Eight units. Every network measure on it is descriptive. | Harmonisation across five statistical systems still leaves definitional differences, particularly for who counts as resident. | Mirror statistics between Nordic countries disagree even inside a shared register system.	https://www.nordicstatistics.org/	fetched 2026-09-16: the PxWeb API answers without a key.
dk-dispersal	Danish refugee dispersal policy, 1986-1998	denmark	Research datasets built on Statistics Denmark registers (Damm, and others since)	individual refugee, assigned municipality and subsequent location	Refugees granted asylum in Denmark, 1986-1998	1986-1998 assignment, with outcomes followed for decades after	Static; the policy ended	Through Statistics Denmark Research Services; the published papers document the design	Register extracts	No	Project-bound	Assignment to a municipality was made without regard to a refugee's preferences, which makes it close to random with respect to outcomes. It is one of the cleanest natural experiments in the migration literature, and it is Danish.	assigned municipality and date | co-ethnic network size in the assigned area | subsequent internal moves | employment, earnings, education and crime outcomes over decades	Needs register access, so the same gate as Forskerservice. | The policy ended in 1998 and the cohort is specific: mostly refugees from Iran, Iraq, Lebanon, Sri Lanka, Somalia and Vietnam. | Assignment was conditional on family size and nationality, so it is quasi-random rather than random, and the papers spend their length on exactly that.	https://www.dst.dk/en/TilSalg/Forskningsservice	not fetched
