# Client names that misspell a much more common one; built by week04_names_check.py --build-merges. Delete a row to undo a merge.
variant,target,variant_filings,target_filings,score
CNBC UNIVERSAL,NBC UNIVERSAL,1,302,96.3
NBC UNIVERSIAL,NBC UNIVERSAL,1,302,96.3
DEPUTY SYNTHES,DEPUY SYNTHES,2,286,96.3
OPTUM SERVICE,OPTUM SERVICES,2,202,96.3
EXPRESS SCRIPT,EXPRESS SCRIPTS,3,185,96.6
EXPRESSSCRIPTS,EXPRESS SCRIPTS,1,185,96.6
AMERCIAN INTERNATIONAL,AMERICAN INTERNATIONAL,1,184,95.5
UNION PACIFIC RAIL ROAD,UNION PACIFIC RAILROAD,7,172,97.8
UNIION PACIFIC RAILROAD,UNION PACIFIC RAILROAD,2,172,97.8
CITY STORAGES SYSTEMS,CITY STORAGE SYSTEMS,3,163,97.6
CITY STORAGE SYTEMS,CITY STORAGE SYSTEMS,1,163,97.4
WEST VIRGINIA UNVERSITY,WEST VIRGINIA UNIVERSITY,1,158,97.9
CAREER CONNECTIONS SERVICES,CAREER CONNECTION SERVICES,23,156,98.1
CAREER CONNECTION SERVICE,CAREER CONNECTION SERVICES,2,156,98.0
CARRER CONNECTION SERVICES,CAREER CONNECTION SERVICES,2,156,96.2
CAREER CONNECATION SERVICES,CAREER CONNECTION SERVICES,1,156,98.1
RETAIL BUSINESS SERVICE,RETAIL BUSINESS SERVICES,2,150,97.9
WESTERN ALIANCE BANK,WESTERN ALLIANCE BANK,2,138,97.6
WESTERN ALLINACE BANK,WESTERN ALLIANCE BANK,1,138,95.2
SSM HEALTH ST LOUIS UNIVERSITY HOSPITAL,SSM HEALTH SAINT LOUIS UNIVERSITY HOSPITAL,7,137,96.3
TATA CONSULTANCY SERVICE,TATA CONSULTANCY SERVICES,1,136,98.0
TATA CONSULTANCE SERVICES,TATA CONSULTANCY SERVICES,1,136,96.0
MANUFACTURER AND TRADERS TRUST,MANUFACTURERS AND TRADERS TRUST,5,135,98.4
HF MANAGEMENT SERVICE,HF MANAGEMENT SERVICES,2,135,97.7
MANUFACTURES AND TRADERS TRUST,MANUFACTURERS AND TRADERS TRUST,1,135,98.4
FREEDOMS SELF STORAGE,FREEDOM SELF STORAGE,1,134,97.6
CHILDRENS OF ALABAMA,CHILDREN S OF ALABAMA,7,133,97.6
EVICORE HEALTH CARE,EVICORE HEALTHCARE,1,131,97.3
CATHOLIC HEALTH INTIATIVES,CATHOLIC HEALTH INITIATIVES,1,129,98.1
CATHOLIC HEALTH INITIATIVE,CATHOLIC HEALTH INITIATIVES,1,129,98.1
CATHOLIC HEALTH INTIATIVE,CATHOLIC HEALTH INITIATIVES,1,129,96.2
GLOBAL ATLANTIC FINANCIALS,GLOBAL ATLANTIC FINANCIAL,4,126,98.0
LOS ANGELES UNIFED SCHOOL DISTRICT,LOS ANGELES UNIFIED SCHOOL DISTRICT,1,126,98.6
TEXAS HEALTH AND HUMAN SERVICE COMMISSION,TEXAS HEALTH AND HUMAN SERVICES COMMISSION,5,125,98.8
TEXAS HEALTH AND HUMAN SERVICES COMISSION,TEXAS HEALTH AND HUMAN SERVICES COMMISSION,1,125,98.8
TEXAS HELATH AND HUMAN SERVICES COMMISSION,TEXAS HEALTH AND HUMAN SERVICES COMMISSION,1,125,97.6
NEW YORK STATE OFFICE OF INFORMATION TECHNOLOGY SERVICES ITS,NEW YORK STATE OFFICE OF INFORMATION TECHNOLOGY SERVICES,21,124,96.6
INTERNATIONAL BANK FORRECONSTRUCTION AND DEVELOPMENT,INTERNATIONAL BANK FOR RECONSTRUCTION AND DEVELOPMENT,5,124,99.0
INTERNATIONAL BANK FOR RECONSTRUCTION AND DEVELOPM,INTERNATIONAL BANK FOR RECONSTRUCTION AND DEVELOPMENT,5,124,97.1
NEW YORK STATE GOVT OFFICE OF INFORMATION TECHNOLOGY SERVICES,NEW YORK STATE OFFICE OF INFORMATION TECHNOLOGY SERVICES,5,124,95.7
DEPOSITORY TRUST AND CLEANING CORPORATION DTCC,DEPOSITORY TRUST AND CLEARING CORPORATION DTCC,5,124,97.8
NEW YORK STATE OFFICE OF INFORMATION TECHNOLOGY SERVICE,NEW YORK STATE OFFICE OF INFORMATION TECHNOLOGY SERVICES,4,124,99.1
INTERNATIONALBANK FOR RECONSTRUCTION AND DEVELOPMENT,INTERNATIONAL BANK FOR RECONSTRUCTION AND DEVELOPMENT,3,124,99.0
NEW YORK STATE NYS OFFICE OF INFORMATION TECHNOLOGY SERVICES,NEW YORK STATE OFFICE OF INFORMATION TECHNOLOGY SERVICES,3,124,96.6
NEW YORK STATE OFFICE OF INFORMATION TECHNOLOGY SERVICES IES,NEW YORK STATE OFFICE OF INFORMATION TECHNOLOGY SERVICES,3,124,96.6
INTERNATIONAL BANK FOR RECONSTRUCTION AND DEVELOP,INTERNATIONAL BANK FOR RECONSTRUCTION AND DEVELOPMENT,2,124,96.1
NEW YORK STATE OFFICE OF INFORMATION TECHNOLOGY SERVICES DCJS,NEW YORK STATE OFFICE OF INFORMATION TECHNOLOGY SERVICES,2,124,95.7
NTERNATIONAL BANK FOR RECONSTRUCTION AND DEVELOPMENT,INTERNATIONAL BANK FOR RECONSTRUCTION AND DEVELOPMENT,1,124,99.0
INTERNATIONAL BANK FORRECONSTRUCTIONANDDEVELOPMENT,INTERNATIONAL BANK FOR RECONSTRUCTION AND DEVELOPMENT,1,124,97.1
INTERNATIONAL BANK FOR RECONSTRUCTION DEVELOPMENT,INTERNATIONAL BANK FOR RECONSTRUCTION AND DEVELOPMENT,1,124,96.1
INTERNATIONAL BANK FOR RECONSTRUCTION AND DEVELOPMENT IBRD,INTERNATIONAL BANK FOR RECONSTRUCTION AND DEVELOPMENT,1,124,95.5
NEW YORK STATE OFFICE OF INFORMATION TECHNOLOGIES SERVICES,NEW YORK STATE OFFICE OF INFORMATION TECHNOLOGY SERVICES,1,124,96.5
NEW YORK STATE OFFICES INFORMATION TECHNOLOGY SERVICES,NEW YORK STATE OFFICE OF INFORMATION TECHNOLOGY SERVICES,1,124,96.4
DEPOSITORY TRUST AND CLEARING CORPORATION DTTC,DEPOSITORY TRUST AND CLEARING CORPORATION DTCC,1,124,97.8
DEPOSITORY TRUST CLEARING CORPORATION DTCC,DEPOSITORY TRUST AND CLEARING CORPORATION DTCC,1,124,95.5
CAMBIA HEALTH SOLUTION,CAMBIA HEALTH SOLUTIONS,5,122,97.8
BLUECROSS AND BLUESHIELD OF NORTH CAROLINA,BLUE CROSS AND BLUE SHIELD OF NORTH CAROLINA,3,121,97.7
SIX CONTINENTS HOTEL,SIX CONTINENTS HOTELS,3,121,97.6
MAXIOM TECHNOLOGY,AXIOM TECHNOLOGY,3,121,97.0
MARYLAND DEPARTMENT HUMAN SERVICES,MARYLAND DEPARTMENT OF HUMAN SERVICES,2,121,95.8
BLUE CROSS AND BLUE SHEILD OF NORTH CAROLINA,BLUE CROSS AND BLUE SHIELD OF NORTH CAROLINA,1,121,97.7
US SOCIAL SECURITY ADMINISTRATION,SOCIAL SECURITY ADMINISTRATION,15,120,95.2
SOCIAL SECURITY ADMINISTRTION,SOCIAL SECURITY ADMINISTRATION,1,120,98.3
NATIONAL INSTITUES OF HEALTH,NATIONAL INSTITUTE OF HEALTH,4,119,96.4
NATIONAL INISTITUTE OF HEALTH,NATIONAL INSTITUTE OF HEALTH,1,119,98.2
NATIONAL INSTIUTE OF HEALTH,NATIONAL INSTITUTE OF HEALTH,1,119,98.2
GE APPLIANCE,GE APPLIANCES,12,118,96.0
GE APPLICANCES,GE APPLIANCES,2,118,96.3
FIRST CITIZEN S BANK,FIRST CITIZENS BANK,2,118,97.4
FIRST CITIZIENS BANK,FIRST CITIZENS BANK,1,118,97.4
SELECTIVE INSURANCE COMPANY OF AMER,SELECTIVE INSURANCE COMPANY OF AMERICA,4,117,95.9
JUNIPER NETWORK,JUNIPER NETWORKS,3,117,96.8
OPTION CLEARING,OPTIONS CLEARING,3,117,96.8
JUNIPER NETWORK S,JUNIPER NETWORKS,1,117,97.0
TX DEPARTMENT OF TRANSPORTATION,TEXAS DEPARTMENT OF TRANSPORTATION,1,117,95.4
VIRIGINIA DEPARTMENT OF TRANSPORTATION,VIRGINIA DEPARTMENT OF TRANSPORTATION,1,116,98.7
VIGINIA DEPARTMENT OF TRANSPORTATION,VIRGINIA DEPARTMENT OF TRANSPORTATION,1,116,98.6
ULTA SALON COSMETICS AND FRAGANCE,ULTA SALON COSMETICS AND FRAGRANCE,1,116,98.5
ULTA SALON COSMETICS AND FRAGRANCE NC,ULTA SALON COSMETICS AND FRAGRANCE,1,116,95.8
EXT GENERATION TECHNOLOGY,NEXT GENERATION TECHNOLOGY,1,116,98.0
UNITED PARCEL SERVICES UPS,UNITED PARCEL SERVICE UPS,13,115,98.0
SUMMITOMO MITSUI BANKING,SUMITOMO MITSUI BANKING,2,115,97.9
UNITED PARCEL SEVICE UPS,UNITED PARCEL SERVICE UPS,1,115,98.0
SIMITOMO MITSUI BANKING,SUMITOMO MITSUI BANKING,1,115,95.7
NEWYORK CITY HOUSING AUTHORITY,NEW YORK CITY HOUSING AUTHORITY,1,114,98.4
CUNA INSURANCE,CNA INSURANCE,1,114,96.3
THOMSONREUTERS,THOMSON REUTERS,2,113,96.6
LE BONHEUR CHILDRENS HOSPITAL,LE BONHEUR CHILDREN S HOSPITAL,2,113,98.3
ALTRIA CLIENT SERVICE,ALTRIA CLIENT SERVICES,1,113,97.7
STATE OF MARRYLAND,STATE OF MARYLAND,1,112,97.1
CONSUMER ENERGY,CONSUMERS ENERGY,12,111,96.8
ETHICON ENDOSURGERY,ETHICON ENDO SURGERY,1,111,97.4
CONSUMERS ENERGRY,CONSUMERS ENERGY,1,111,97.0
MOTOROLA SOLUTION,MOTOROLA SOLUTIONS,1,111,97.1
MUFG UNIONBANK,MUFG UNION BANK,1,111,96.6
HCA HEALTH CARE,HCA HEALTHCARE,4,110,96.6
COMCAST CABLE COMMUNICATION,COMCAST CABLE COMMUNICATIONS,4,110,98.2
BESTBUY PURCHASING,BEST BUY PURCHASING,3,110,97.3
COMAST CABLE COMMUNICATIONS,COMCAST CABLE COMMUNICATIONS,1,110,98.2
ZURICH AMERICA INSURANCE,ZURICH AMERICAN INSURANCE,3,109,98.0
SOTHERN CALIFORNIA GAS,SOUTHERN CALIFORNIA GAS,1,109,97.8
CITIGROUP GLOBALMARKETS,CITIGROUP GLOBAL MARKETS,6,108,97.9
EOG RESOOURCES,EOG RESOURCES,2,108,96.3
WALT MART STORES,WAL MART STORES,1,108,96.8
EOG RESOURCE,EOG RESOURCES,1,108,96.0
CITOGROUP GLOBAL MARKETS,CITIGROUP GLOBAL MARKETS,1,108,95.8
CONTINENTAL CASAULTY COMPANY CNA,CONTINENTAL CASUALTY COMPANY CNA,1,108,96.9
SAMMONS FINANCIALS,SAMMONS FINANCIAL,2,107,97.1
HEALTH CARE SERVICES CORPORATION HCSC,HEALTH CARE SERVICE CORPORATION HCSC,2,106,98.6
HEALTHCARE SERVICE CORPORATION HCSC,HEALTH CARE SERVICE CORPORATION HCSC,2,106,98.6
UNIVERSITY HEALTH SYSTEMS,UNIVERSITY HEALTH SYSTEM,10,105,98.0
PALO ALTO NETWORK,PALO ALTO NETWORKS,8,105,97.1
PALOALTO NETWORKS,PALO ALTO NETWORKS,2,105,97.1
REPUBLIC SERVICE,REPUBLIC SERVICES,1,105,97.0
CONOCOPHIILLIPS,CONOCOPHILLIPS,1,104,96.6
ZIONS BANACORPORATION,ZIONS BANCORPORATION,1,103,97.6
ZION BANCORPORATION,ZIONS BANCORPORATION,1,103,97.4
COREBIRDGE FINANCIAL,COREBRIDGE FINANCIAL,1,103,95.0
BLUE CROSS BLUE SHIELDS OF MASSACHUSETTS,BLUE CROSS BLUE SHIELD OF MASSACHUSETTS,1,102,98.7
BLUE CROSS BLUE SHIELD OF MASSACHUSETT,BLUE CROSS BLUE SHIELD OF MASSACHUSETTS,1,102,98.7
BLUECROSS BLUESHIELD OF MASSACHUSETTS,BLUE CROSS BLUE SHIELD OF MASSACHUSETTS,1,102,97.4
ACADEMY SPORTS AND OUTDOOR,ACADEMY SPORTS AND OUTDOORS,1,102,98.1
BIOSENSE WEBSTERS,BIOSENSE WEBSTER,2,101,97.0
ACCENTURE FEDARAL SERVICES,ACCENTURE FEDERAL SERVICES,1,101,96.2
PLYMOUTHROCK ASSURANCE,PLYMOUTH ROCK ASSURANCE,2,100,97.8
PLYMMOUTH ROCK ASSURANCE,PLYMOUTH ROCK ASSURANCE,1,100,97.9
PLYMOUTH ROCK ASSURNCE,PLYMOUTH ROCK ASSURANCE,1,100,97.8
DOLLARGENERAL,DOLLAR GENERAL,1,100,96.3
CENTRAL ARKANSAS VETERANS HEALTHCARE SYSTEM VA,CENTRAL ARKANSAS VETERANS HEALTHCARE SYSTEM,9,99,96.6
GM FINANCIALS,GM FINANCIAL,9,99,96.0
CENTRAL ARKANSAS VETERANS HEALTHCARE SYSTEMS,CENTRAL ARKANSAS VETERANS HEALTHCARE SYSTEM,3,99,98.9
CENTRAL ARKANSAS VETERAN S HEALTHCARE SYSTEM,CENTRAL ARKANSAS VETERANS HEALTHCARE SYSTEM,1,99,98.9
CENTRAL ARKANSAS VETERAN HEALTHCARE SYSTEM,CENTRAL ARKANSAS VETERANS HEALTHCARE SYSTEM,1,99,98.8
CENTRAL ARKANSAS VETERANS HEALTHCARE SYSTE,CENTRAL ARKANSAS VETERANS HEALTHCARE SYSTEM,1,99,98.8
HARFORD HOSPITAL,HARTFORD HOSPITAL,1,99,97.0
GM FINANACIAL,GM FINANCIAL,1,99,96.0
INTERNATIONAL BUSINESS MACHINE,INTERNATIONAL BUSINESS MACHINES,3,98,98.4
BROWN BROTHERS HARRISMAN,BROWN BROTHERS HARRIMAN,1,98,97.9
BROWN BRORTHERS HARRIMAN,BROWN BROTHERS HARRIMAN,1,98,97.9
SECURIAN FINANCIALS,SECURIAN FINANCIAL,1,98,97.3
CONOCO PHILIPS,CONOCO PHILLIPS,9,97,96.6
CONCO PHILLIPS,CONOCO PHILLIPS,1,97,96.6
CONOCO PHILLIP,CONOCO PHILLIPS,1,97,96.6
PHILIPS HEALTH CARE,PHILIPS HEALTHCARE,2,96,97.3
EARLY WARNING SERVICE,EARLY WARNING SERVICES,1,96,97.7
EARLY WARMING SERVICES,EARLY WARNING SERVICES,1,96,95.5
EARLY WARNINGS SERVICE,EARLY WARNING SERVICES,1,96,95.5
STATE OF MISSORI,STATE OF MISSOURI,1,95,97.0
CHEVRON PHILLIPS CHEMICALS,CHEVRON PHILLIPS CHEMICAL,10,94,98.0
CHEVRON PHILIPS CHEMICAL,CHEVRON PHILLIPS CHEMICAL,3,94,98.0
DAIMLER TRUCKS FINANCIAL SERVICES,DAIMLER TRUCK FINANCIAL SERVICES,3,94,98.5
CHEVRON PHILLLIPS CHEMICAL,CHEVRON PHILLIPS CHEMICAL,1,94,98.0
DAIMLER TRUCK FINANCIAL SERVICE,DAIMLER TRUCK FINANCIAL SERVICES,1,94,98.4
VOYA SERVICE,VOYA SERVICES,9,93,96.0
TRACEFONE WIRELESS,TRACFONE WIRELESS,1,93,97.1
KIMBERLY CLARKE,KIMBERLY CLARK,1,93,96.6
BLUE CROSS AND BLUE SHIELD ASOCIATION,BLUE CROSS AND BLUE SHIELD ASSOCIATION,1,93,98.7
JET BLUE AIRWAYS,JETBLUE AIRWAYS,6,92,96.8
SC DEPARTMENT OF HEALTH AND HUMAN SERVICES,NC DEPARTMENT OF HEALTH AND HUMAN SERVICES,5,92,97.6
BAYER CROP SCIENCES,BAYER CROP SCIENCE,3,92,97.3
BAYER CROPSCIENCE,BAYER CROP SCIENCE,3,92,97.1
NE DEPARTMENT OF HEALTH AND HUMAN SERVICES,NC DEPARTMENT OF HEALTH AND HUMAN SERVICES,3,92,97.6
PA DEPARTMENT OF HEALTH AND HUMAN SERVICES,NC DEPARTMENT OF HEALTH AND HUMAN SERVICES,2,92,95.2
NC DEPARTMENT OF HEALTH AND HUMAN SERVICE,NC DEPARTMENT OF HEALTH AND HUMAN SERVICES,1,92,98.8
TX DEPARTMENT OF HEALTH AND HUMAN SERVICES,NC DEPARTMENT OF HEALTH AND HUMAN SERVICES,1,92,95.2
ROYAL BANK OF CANDA,ROYAL BANK OF CANADA,1,92,97.4
TRAVELER S INSURANCE,TRAVELERS INSURANCE,1,92,97.4
OTSUKA AMERICA PHARMACEUTICALS,OTSUKA AMERICA PHARMACEUTICAL,11,91,98.3
PACIFICA INVESTMENT MANAGEMENT,PACIFIC INVESTMENT MANAGEMENT,3,91,98.3
AMERICA FAMILY LIFE ASSURANCE COMPANY OF COLUMBUS,AMERICAN FAMILY LIFE ASSURANCE COMPANY OF COLUMBUS,1,91,99.0
AMERICAN FAMILY LIFE ASSURANCE COMPANY OF COLUMBU,AMERICAN FAMILY LIFE ASSURANCE COMPANY OF COLUMBUS,1,91,99.0
AMERICAN FAMILY LIFE ASSURANCE COMPANY OF COLAMBUS,AMERICAN FAMILY LIFE ASSURANCE COMPANY OF COLUMBUS,1,91,98.0
AMERICAN FAMILY LIFE INSURANCE COMPANY OF COLUMBUS,AMERICAN FAMILY LIFE ASSURANCE COMPANY OF COLUMBUS,1,91,96.0
VERISK ANALYSTICS,VERISK ANALYTICS,1,91,97.0
SOLAR TURBINE,SOLAR TURBINES,1,91,96.3
SOLARTURBINES,SOLAR TURBINES,1,91,96.3
GUARDIAN LIFE INSURANCE COMPANY OFAMERICA,GUARDIAN LIFE INSURANCE COMPANY OF AMERICA,1,90,98.8
SUPREMENT COURT OF VIRGINIA,SUPREME COURT OF VIRGINIA,1,90,96.2
GENWORTH NORTH AMERICAN,GENWORTH NORTH AMERICA,1,90,97.8
COMMON WEALTH OF MASSACHUSETTS,COMMONWEALTH OF MASSACHUSETTS,2,89,98.3
AMERICAN TIRES DISTRIBUTORS,AMERICAN TIRE DISTRIBUTORS,1,89,98.1
AMERICAN TIRE DISTRIBUTERS,AMERICAN TIRE DISTRIBUTORS,1,89,96.2
AMERICAN TYRE DISTRIBUTORS,AMERICAN TIRE DISTRIBUTORS,1,89,96.2
COMMONWEALTH OF MASSACHUSSETTS,COMMONWEALTH OF MASSACHUSETTS,1,89,98.3
COMMOMWEALTH OF MASSACHUSETTS,COMMONWEALTH OF MASSACHUSETTS,1,89,96.6
COMMONWEALTH OF MASSACHUSETSS,COMMONWEALTH OF MASSACHUSETTS,1,89,96.6
COMMONWEALTH OF MASSACHUSSETS,COMMONWEALTH OF MASSACHUSETTS,1,89,96.6
CLEVELAND CLINIC HILLCREST HOSPTIAL,CLEVELAND CLINIC HILLCREST HOSPITAL,4,88,97.1
SIEMENS HELATHCARE DIAGNOSTICS,SIEMENS HEALTHCARE DIAGNOSTICS,2,88,96.7
MARSH AND MECLENNAN COMPANIES,MARSH AND MCLENNAN COMPANIES,1,88,98.2
MARSH AND MCCLENNAN COMPANIES,MARSH AND MCLENNAN COMPANIES,1,88,98.2
SIEMENS HEALTHCARE DIGNOSTICS,SIEMENS HEALTHCARE DIAGNOSTICS,1,88,98.3
SIEMENS HEALTHCARE DIAGNOSTIC,SIEMENS HEALTHCARE DIAGNOSTICS,1,88,98.3
VETERAN S AFFAIRS MEDICAL CENTER,VETERANS AFFAIRS MEDICAL CENTER,5,87,98.4
UNITED SERVIVCES AUTOMOBILE ASSOCIATION,UNITED SERVICE AUTOMOBILE ASSOCIATION,4,87,97.4
BRIGHT HOUSE FINANCIAL,BRIGHTHOUSE FINANCIAL,2,87,97.7
INSURANCE AUTO AUCTION,INSURANCE AUTO AUCTIONS,2,87,97.8
UNITED SERVICES AUTOMOBILE ASOCIATION,UNITED SERVICE AUTOMOBILE ASSOCIATION,2,87,97.3
CLEVELAND CLINIC FAIRVIEW HOSPTIAL,CLEVELAND CLINIC FAIRVIEW HOSPITAL,2,87,97.1
VETERANS AFFAIR MEDICAL CENTER,VETERANS AFFAIRS MEDICAL CENTER,1,87,98.4
VETERAN AFFAIRS MEDICAL CENTER,VETERANS AFFAIRS MEDICAL CENTER,1,87,98.4
CONSOLIDATED EDISION,CONSOLIDATED EDISON,1,87,97.4
INSURANC AUTO AUCTIONS,INSURANCE AUTO AUCTIONS,1,87,97.8
INSURANCRE AUTO ACTIONS,INSURANCE AUTO AUCTIONS,1,87,95.7
NATIONAL CANCERT INSTITUTE,NATIONAL CANCER INSTITUTE,1,87,98.0
NATION CANCER INSTITUTE,NATIONAL CANCER INSTITUTE,1,87,95.8
UNITED SERVICES AUTOMOBILE ASSOCIATIO,UNITED SERVICE AUTOMOBILE ASSOCIATION,1,87,97.3
UNITED SERVICES AUTOMOBILE ASSOCIATON,UNITED SERVICE AUTOMOBILE ASSOCIATION,1,87,97.3
UNITED SERVICES AUTOMOBILE ASSOSIATION,UNITED SERVICE AUTOMOBILE ASSOCIATION,1,87,96.0
SOUTHERN GLAZERS WINES AND SPIRITS,SOUTHERN GLAZER S WINE AND SPIRITS,5,86,97.1
SOUTHERN GLAZER S WINES AND SPIRITS,SOUTHERN GLAZER S WINE AND SPIRITS,4,86,98.6
SOUTHERN GLAZER S WINE AND SPIRITS LL,SOUTHERN GLAZER S WINE AND SPIRITS,4,86,95.8
SOUTHERN GLAZER S WINE AND SPIRIT,SOUTHERN GLAZER S WINE AND SPIRITS,2,86,98.5
SOUTHERN GLAZER WINE AND SPIRITS,SOUTHERN GLAZER S WINE AND SPIRITS,2,86,97.0
SOUTHERN GLAZERS WINES AND SPIRIT,SOUTHERN GLAZER S WINE AND SPIRITS,2,86,95.5
SOUTHREN GLAZER S WINES AND SPIRITS,SOUTHERN GLAZER S WINE AND SPIRITS,1,86,95.7
BLUECROSS BLUESHIELD ASSOCIATION,BLUE CROSS BLUE SHIELD ASSOCIATION,13,85,97.0
FREEDOM MORTAGE,FREEDOM MORTGAGE,1,85,96.8
BLUE CROSS BLUE SHIELD ASSOCIATIONS,BLUE CROSS BLUE SHIELD ASSOCIATION,1,85,98.6
BLUE CROSS BLUESHIELD ASSOCIATION,BLUE CROSS BLUE SHIELD ASSOCIATION,1,85,98.5
BLUE CROSS BLUE SHEILD ASSOCIATION,BLUE CROSS BLUE SHIELD ASSOCIATION,1,85,97.1
MOTIVA ENTERPRISE,MOTIVA ENTERPRISES,1,85,97.1
STANLEY BLACK AND DECKERS,STANLEY BLACK AND DECKER,1,84,98.0
HORIZON HEEALTHCARE SERVICES,HORIZON HEALTHCARE SERVICES,1,84,98.2
BLUECROSS BLUESHIELD OF NORTH CAROLINA,BLUE CROSS BLUE SHIELD OF NORTH CAROLINA,8,83,97.4
BLUE CROSS BLUE SHIELD NORTH CAROLINA,BLUE CROSS BLUE SHIELD OF NORTH CAROLINA,4,83,96.1
BLUE CROSS BLUE SHEILD OF NORTH CAROLINA,BLUE CROSS BLUE SHIELD OF NORTH CAROLINA,2,83,97.5
BLUE CROSS BLUE SCHIELD OF NORTH CAROLINA,BLUE CROSS BLUE SHIELD OF NORTH CAROLINA,1,83,98.8
BLUECROSS BLUE SHIELD OF NORTH CAROLINA,BLUE CROSS BLUE SHIELD OF NORTH CAROLINA,1,83,98.7
BLUECROSSBLUESHIELD OF NORTH CAROLINA,BLUE CROSS BLUE SHIELD OF NORTH CAROLINA,1,83,96.1
FLORIDA DEPARTMENT OF TRANSPORATION,FLORIDA DEPARTMENT OF TRANSPORTATION,1,83,98.6
FLORIDA DEPARTMENT OF TRANPSORATION,FLORIDA DEPARTMENT OF TRANSPORTATION,1,83,95.8
PEN FED CREDIT UNION,PENFED CREDIT UNION,1,82,97.4
DICKS SPORTING GOODS,DICK S SPORTING GOODS,15,81,97.6
EDUCATION TESTING SERVICE,EDUCATIONAL TESTING SERVICE,3,81,96.2
PARAXEL INTERNATIONAL,PAREXEL INTERNATIONAL,3,81,95.2
DICKS S SPORTING GOODS,DICK S SPORTING GOODS,2,81,97.7
DICK S SPORTING GOOD,DICK S SPORTING GOODS,1,81,97.6
DEPARTMENT OF VETERANS AFFAIRS VA,DEPARTMENT OF VETERANS AFFAIRS,13,80,95.2
DEPARTMENT OF VETERAN S AFFAIRS,DEPARTMENT OF VETERANS AFFAIRS,7,80,98.4
FIDELITY NATIONAL INFORMATION SERVICES FIS,FIDELITY NATIONAL INFORMATION SERVICES,5,80,95.0
DEPARTMENT OF VETERANS AFFAIR,DEPARTMENT OF VETERANS AFFAIRS,3,80,98.3
FIS FIDELITY NATIONAL INFORMATION SERVICES,FIDELITY NATIONAL INFORMATION SERVICES,3,80,95.0
BILLINGS CLINIC HEALTH SYSTEMS,BILLINGS CLINIC HEALTH SYSTEM,3,80,98.3
TAKEDA PHARMACEUTIALS,TAKEDA PHARMACEUTICAL,2,80,95.2
STANDFORD UNIVERSITY,STANFORD UNIVERSITY,1,80,97.4
FIDELITY NATIONAL INFORMATION SERVICE FIS,FIDELITY NATIONAL INFORMATION SERVICES,1,80,96.2
XL CATLIN SERVICE SE,XL CATLIN SERVICES SE,2,79,97.6
HYUNDAI AUTOEVER AMERICA S,HYUNDAI AUTOEVER AMERICA,1,79,96.0
HYUNDAI AUTOAVER AMERICA,HYUNDAI AUTOEVER AMERICA,1,79,95.8
XL CATIN SERVICES SE,XL CATLIN SERVICES SE,1,79,97.6
CHEVRON TECHNICAL CENTER,CHEVRON TECHNICAL CENTRE,6,78,95.8
BANK OF AMERICA BOFA,BANK OF AMERICA BOA,6,78,97.4
HEALTHCARE SERVICE CORPORATION A MUTUAL LEGAL RESERVE,HEALTH CARE SERVICE CORPORATION A MUTUAL LEGAL RESERVE,4,78,99.1
LULULEMON ATLETICA,LULULEMON ATHLETICA,1,78,97.3
JPMORGAN AND CHASE,JP MORGAN AND CHASE,12,76,97.3
COX ENTERPRISE,COX ENTERPRISES,10,76,96.6
SYNCHRONY FINANCIALS,SYNCHRONY FINANCIAL,3,76,97.4
INTERNATIONAL BUSINESS MACHINE IBM,INTERNATIONAL BUSINESS MACHINES IBM,2,76,98.6
DFS CORPORATE SERVICE,DFS CORPORATE SERVICES,2,76,97.7
NEWTON COUNTY SCHOOL,NEWTON COUNTY SCHOOLS,2,76,97.6
SYNCRONY FINANCIAL,SYNCHRONY FINANCIAL,1,76,97.3
NEWTON COUNTY SHOOLS,NEWTON COUNTY SCHOOLS,1,76,97.6
UNITED SERVICES AUTOMABILE ASSOCIATION USAA,UNITED SERVICE AUTOMOBILE ASSOCIATION USAA,3,75,96.5
GENERAL DYNAMIC INFORMATION TECHNOLOGY,GENERAL DYNAMICS INFORMATION TECHNOLOGY,2,75,98.7
UNITED SERVICE AUTOMOBILE ASSOCIATION USSA,UNITED SERVICE AUTOMOBILE ASSOCIATION USAA,2,75,97.6
UNITED SERVICES AUTOMOBILE ASSOCIATION USSA,UNITED SERVICE AUTOMOBILE ASSOCIATION USAA,2,75,96.5
ADVANCED STORES,ADVANCE STORES,1,75,96.6
DEPARTMENT OF HEALTH CARE FINANCES DHCF,DC DEPARTMENT OF HEALTH CARE FINANCE DHCF,1,74,95.0
EST E LAUDER COMPANIES,ESTEE LAUDER COMPANIES,6,73,95.5
DALLAS COUNTRY HOSPITAL DISTRICT,DALLAS COUNTY HOSPITAL DISTRICT,1,73,98.4
ESTE LAUDER COMPANIES,ESTEE LAUDER COMPANIES,1,73,97.7
EXCELLUS HEATH PLAN,EXCELLUS HEALTH PLAN,1,73,97.4
UNITEDHEALTHGROUP OPTUM,UNITED HEALTH GROUP OPTUM,1,73,95.8
QUADRANT RESOURCES,QUADRANT RESOURCE,5,72,97.1
ONE AMERICA FINANCIAL PARTNERS,ONEAMERICA FINANCIAL PARTNERS,3,72,98.3
ST JUDE CHILDRENS RESEARCH HOSPITAL,ST JUDE CHILDREN S RESEARCH HOSPITAL,3,72,98.6
ST JUDE CHILDREN RESEARCH HOSPITAL,ST JUDE CHILDREN S RESEARCH HOSPITAL,3,72,97.1
ONEAMERICA FINANCIAL PARTNER,ONEAMERICA FINANCIAL PARTNERS,1,72,98.2
ONE AMERICAN FINANCIAL PARTNERS,ONEAMERICA FINANCIAL PARTNERS,1,72,96.7
ST JUDE CHILDREN S RESEARCH HOSPITA,ST JUDE CHILDREN S RESEARCH HOSPITAL,1,72,98.6
TENET HEALTH CARE,TENET HEALTHCARE,3,71,97.0
FREEPORT MC MORAN,FREEPORT MCMORAN,2,71,97.0
FREEPORT MACMORAN,FREEPORT MCMORAN,1,71,97.0
FREEPORT MCMORRAN,FREEPORT MCMORAN,1,71,97.0
GLAXO SMITH KLINE SERVICES UNLIMITED,GLAXOSMITHKLINE SERVICES UNLIMITED,1,71,97.1
UNITED NATURAL FOOD,UNITED NATURAL FOODS,1,71,97.4
ANTHENE ANNUITY AND LIFE,ATHENE ANNUITY AND LIFE,1,71,97.9
INTEGRA LIFE SCIENCE,INTEGRA LIFESCIENCES,3,70,95.0
INTEGRA LIFESCIENCE,INTEGRA LIFESCIENCES,2,70,97.4
TEACHERS INSURANCE ANNUITY ASSOCIATION TIAA,TEACHERS INSURANCE AND ANNUITY ASSOCIATION TIAA,1,70,95.6
AMERICAN AUTOMOBILE ASSOCIATIONS,AMERICAN AUTOMOBILE ASSOCIATION,1,70,98.4
AMERICAN AUTOMOBLIE ASSOCIATION,AMERICAN AUTOMOBILE ASSOCIATION,1,70,96.8
CHILDREN S HOSPITAL OF PHILADELPIA,CHILDREN S HOSPITAL OF PHILADELPHIA,1,70,98.6
INTEGRA LIFESCIECNES,INTEGRA LIFESCIENCES,1,70,95.0
BJS WHOLESALE CLUB,BJ S WHOLESALE CLUB,7,69,97.3
ARMY AND AIRFORCE EXCHANGE SERVICE,ARMY AND AIR FORCE EXCHANGE SERVICE,6,69,98.6
ARMY AND AIRFORCE EXCHANGE SERVICES,ARMY AND AIR FORCE EXCHANGE SERVICE,2,69,97.1
ALNLAM PHARMACEUTICALS,ALNYLAM PHARMACEUTICALS,1,69,97.8
ABBOTCT DIABETES CARE,ABBOTT DIABETES CARE,1,69,97.6
ABBOTT DIAB TES CARE,ABBOTT DIABETES CARE,1,69,95.0
BJ S WHOLE SALE CLUB,BJ S WHOLESALE CLUB,1,69,97.4
ADVENTHHEALTH INFORMATION TECHONOLOGY,ADVENTHEALTH INFORMATION TECHNOLOGY,1,69,97.2
THOMSON REUTERS ENTERPRISE CENTER GMBH,THOMSON REUTERS ENTERPRISE CENTRE GMBH,5,68,97.4
TERUMO MEDICALS,TERUMO MEDICAL,3,68,96.6
NEWYORK LIFE,NEW YORK LIFE,3,68,96.0
POINT32 HEALTH,POINT32HEALTH,3,68,96.3
DENSON INTERNATIONAL AMERICA,DENSO INTERNATIONAL AMERICA,1,68,98.2
UPMC HEALTHPLAN,UPMC HEALTH PLAN,1,68,96.8
POINT 32HEALTH,POINT32HEALTH,1,68,96.3
OCHSNER LSU HEALTH ST MARY S MEDICAL CENTER,OCHSNER LSU HEALTH ST MARY MEDICAL CENTER,1,68,97.6
ARIZONA PUBLIC SERVICES,ARIZONA PUBLIC SERVICE,10,67,97.8
CALIBER HOME LOAN,CALIBER HOME LOANS,7,67,97.1
SYSTEMSOFT TECHNOLOGIES,SYSTEM SOFT TECHNOLOGIES,5,67,97.9
AUTO OWNER S INSURANCE,AUTO OWNERS INSURANCE,3,67,97.7
BAKER HUGHES OLIFIELD OPERATIONS,BAKER HUGHES OILFIELD OPERATIONS,1,67,96.9
MAGNA ELECTRONIC,MAGNA ELECTRONICS,1,67,97.0
EDUCATIONAL TESTING SERVICES ETS,EDUCATIONAL TESTING SERVICE ETS,7,66,98.4
PETITIONER BRANCH OFFICE,PETITIONER S BRANCH OFFICE,6,66,96.0
ADVANCED AUTO PARTS,ADVANCE AUTO PARTS,5,66,97.3
SYNEOSHEALTH,SYNEOS HEALTH,2,66,96.0
ASSOCIATION OF AMERICAN MEDICAL COLLEGE,ASSOCIATION OF AMERICAN MEDICAL COLLEGES,2,66,98.7
TEXAS COMPTROLLER OF PUBLIC ACCOUNT,TEXAS COMPTROLLER OF PUBLIC ACCOUNTS,2,66,98.6
TEXAS COMPTROLLER PUBLIC ACCOUNTS,TEXAS COMPTROLLER OF PUBLIC ACCOUNTS,1,66,95.7
HAWAIIN AIRLINES,HAWAIIAN AIRLINES,1,66,97.0
EDUCATION TESTING SERVICE ETS,EDUCATIONAL TESTING SERVICE ETS,1,66,96.7
EDUCATION TESTING SERVICES ETS,EDUCATIONAL TESTING SERVICE ETS,1,66,95.1
GM GLOBAL TECHNOLOGY OPERATION,GM GLOBAL TECHNOLOGY OPERATIONS,1,66,98.4
SANDIEGO GAS AND ELECTRIC,SAN DIEGO GAS AND ELECTRIC,2,65,98.0
BRIGHAM AND WOMEN S HOPSITAL,BRIGHAM AND WOMEN S HOSPITAL,1,65,96.4
BRIGHAM AND WOMEN S HOSPTIAL,BRIGHAM AND WOMEN S HOSPITAL,1,65,96.4
MASSACHUSETTS MUTUAL LIFEINSURANCE,MASSACHUSETTS MUTUAL LIFE INSURANCE,1,65,98.6
OPTUMTECHNOLOGY,OPTUM TECHNOLOGY,1,65,96.8
OPTUM TECHOLOGY,OPTUM TECHNOLOGY,1,65,96.8
COLLEGEBOARD,COLLEGE BOARD,1,64,96.0
UT PHYSICANS,UT PHYSICIANS,1,64,96.0
NASA S GODDARD SPACE FLIGHT CENTER,NASA GODDARD SPACE FLIGHT CENTER,6,63,97.0
CARMAX BUSINESS SERVICE,CARMAX BUSINESS SERVICES,2,63,97.9
WARNER MEDIAS,WARNER MEDIA,2,63,96.0
COSTCOTRAVEL,COSTCO TRAVEL,1,63,96.0
FUJI FILM DIOSYNTH BIOTECHNOLOGIES,FUJIFILM DIOSYNTH BIOTECHNOLOGIES,1,63,98.5
FUJIFILM S DIOSYNTH BIOTECHNOLOGIES,FUJIFILM DIOSYNTH BIOTECHNOLOGIES,1,63,97.1
FUJU FILM DIOSYNTH BIOTECHNOLOGIES,FUJIFILM DIOSYNTH BIOTECHNOLOGIES,1,63,95.5
VERRAMOBILITY,VERRA MOBILITY,1,63,96.3
VOYA FINANCIALS,VOYA FINANCIAL,12,62,96.6
COUNTRY FINANCIALS,COUNTRY FINANCIAL,7,62,97.1
NEW YORK STATE OFFICE OF MENTAL HEALTH OMH,NEW YORK STATE OFFICE OF MENTAL HEALTH,7,62,95.0
PROGRESSIVE CASUALITY INSURANCE,PROGRESSIVE CASUALTY INSURANCE,1,62,98.4
PROGRESSIVE CASUALLTY INSURANCE,PROGRESSIVE CASUALTY INSURANCE,1,62,98.4
PROGESSIVE CASUALTY INSURANCE,PROGRESSIVE CASUALTY INSURANCE,1,62,98.3
FLORIDA DEPARMENT OF CORRECTIONS,FLORIDA DEPARTMENT OF CORRECTIONS,1,62,98.5
FLORIDA DEPARTMENT CORRECTIONS,FLORIDA DEPARTMENT OF CORRECTIONS,1,62,95.2
ANALOG DEVICE,ANALOG DEVICES,1,62,96.3
NEW YORK STATE OFFICE OF MENTAL HEALTH ITS,NEW YORK STATE OFFICE OF MENTAL HEALTH,1,62,95.0
FIDELITY TALENTSOURCE INVESTMENT,FIDELITY TALENT SOURCE INVESTMENT,9,61,98.5
FIDELITY TALENT SOURCE INVESTMENTS,FIDELITY TALENT SOURCE INVESTMENT,4,61,98.5
CHICAGO MERCHANTILE EXCHANGE,CHICAGO MERCANTILE EXCHANGE,1,61,98.2
CLEVELAND CLINIC ASKRON GENERAL,CLEVELAND CLINIC AKRON GENERAL,1,61,98.4
SOFTWARENINE,SOFTWARE NINE,1,61,96.0
FIDELITY TALENTSOURCE INVESTMENTS,FIDELITY TALENT SOURCE INVESTMENT,1,61,97.0
HARRIS HEALTH SYSTEMS,HARRIS HEALTH SYSTEM,1,61,97.6
WARNERBROS DISCOVERY,WARNER BROS DISCOVERY,4,60,97.6
AMERICA HONDA MOTOR,AMERICAN HONDA MOTORS,2,60,95.0
FLORIDA DEPARTMENT OF ENVIRONMENTAL PROTECTION DEP,FLORIDA DEPARTMENT OF ENVIRONMENTAL PROTECTION,2,60,95.8
GEORGIA DEPARTMENT OF LABOUR,GEORGIA DEPARTMENT OF LABOR,1,60,98.2
GEORGIA DEPARTMENT OF LABO,GEORGIA DEPARTMENT OF LABOR,1,60,98.1
FLORIDA DEPARTMENT OF ENVIRONMENT PROTECTION,FLORIDA DEPARTMENT OF ENVIRONMENTAL PROTECTION,1,60,97.8
WARNER BRO DISCOVERY,WARNER BROS DISCOVERY,1,60,97.6
EXELON BUSINESS SERVICE,EXELON BUSINESS SERVICES,2,59,97.9
DIAMLER TRUCK NORTH AMERICA,DAIMLER TRUCK NORTH AMERICA,2,59,96.3
DAIMLER TRUCK NORTH AMERICAN,DAIMLER TRUCK NORTH AMERICA,1,59,98.2
DAIMLER TRUCK NORTH AMERICE,DAIMLER TRUCK NORTH AMERICA,1,59,96.3
BHP BILLITON PETROLEUM DEEP WATER,BHP BILLITON PETROLEUM DEEPWATER,1,59,98.5
STAFFORD HEALTH CARE,STANFORD HEALTH CARE,5,58,95.0
MGM RESORT INTERNATIONAL,MGM RESORTS INTERNATIONAL,2,58,98.0
TAILORED BRAND,TAILORED BRANDS,2,58,96.6
CHUBBS INSURANCE,CHUBB INSURANCE,1,58,96.8
MICHAELS STORE,MICHAELS STORES,1,58,96.6
NATIONAL RAILROAD PASSENGER CORPORATION AMTRACK,NATIONAL RAILROAD PASSENGER CORPORATION AMTRAK,1,58,98.9
STANDFORD HEALTH CARE,STANFORD HEALTH CARE,1,58,97.6
USPS SUPPLY CHAIN SOLUTIONS,UPS SUPPLY CHAIN SOLUTIONS,1,58,98.1
BLUE TRITON BRANDS,BLUETRITON BRANDS,10,57,97.1
NYS OFFICE OF INFORMATION TECHNOLOGY AND SERVICES,NYS OFFICE OF INFORMATION TECHNOLOGY SERVICES,6,57,95.7
TOYOTA MATERIALS HANDLING,TOYOTA MATERIAL HANDLING,4,57,98.0
NYS OFFICE OF INFORMATION TECHNOLOGY SERVICE,NYS OFFICE OF INFORMATION TECHNOLOGY SERVICES,3,57,98.9
NYS OFFICE INFORMATION TECHNOLOGY SERVICES,NYS OFFICE OF INFORMATION TECHNOLOGY SERVICES,2,57,96.6
VETERANS AFFAIRS PORTLAND HEALTHCARE SYSTEM,VETERANS AFFAIRS PORTLAND HEALTH CARE SYSTEM,1,57,98.9
NYS OFFICE OF INFORMATION TECHNOLOGY SERVICESD,NYS OFFICE OF INFORMATION TECHNOLOGY SERVICES,1,57,98.9
NYC OFFICE OF INFORMATION TECHNOLOGY SERVICES,NYS OFFICE OF INFORMATION TECHNOLOGY SERVICES,1,57,97.8
NYS OFFICE OF INFORMATION TECHNOLOGY SERVICES IES,NYS OFFICE OF INFORMATION TECHNOLOGY SERVICES,1,57,95.7
PENNSYLVANIA DEPARTMENT OF TRANSPORTATIO,PENNSYLVANIA DEPARTMENT OF TRANSPORTATION,1,57,98.8
CARNIVAL CRUISE LINER,CARNIVAL CRUISE LINE,1,57,97.6
CARNIVAL CRUISELINE,CARNIVAL CRUISE LINE,1,57,97.4
TEXAS HEALTH AND HUMANS SERVICES,TEXAS HEALTH AND HUMAN SERVICES,2,56,98.4
KARSUN SOLUTION,KARSUN SOLUTIONS,1,56,96.8
BERKSHIRE HATHAWAY HOME STATE COMPANIES,BERKSHIRE HATHAWAY HOMESTATE COMPANIES,1,56,98.7
DEPARTMENT OF LABOUR,DEPARTMENT OF LABOR,1,56,97.4
TEXAS HEALTH AND HUMAN SERVICE,TEXAS HEALTH AND HUMAN SERVICES,1,56,98.4
PENNSYLVANIA TURNPIKE COMMISION,PENNSYLVANIA TURNPIKE COMMISSION,1,56,98.4
HILTON GRAND VACATION,HILTON GRAND VACATIONS,6,55,97.7
MET LIFE INSURANCE,METLIFE INSURANCE,5,55,97.1
BLUE CROSS BLUE SHIELD FLORIDA,BLUE CROSS BLUE SHIELD OF FLORIDA,3,55,95.2
ROYAL CARIBBEAN CRUISE,ROYAL CARIBBEAN CRUISES,3,55,97.8
BOEING DISTRIBUTION SERVICE,BOEING DISTRIBUTION SERVICES,3,55,98.2
UNIVERSAL SERVICES ADMINISTRATIVE,UNIVERSAL SERVICE ADMINISTRATIVE,3,55,98.5
BERKSHIRE HATHAWAY SPECIALITY INSURANCE,BERKSHIRE HATHAWAY SPECIALTY INSURANCE,3,55,98.7
WEYER HAEUSER,WEYERHAEUSER,2,55,96.0
FOOD AND DRUGS ADMINISTRATION,FOOD AND DRUG ADMINISTRATION,2,55,98.2
BLUE CROSS BLUE SHIELDS OF FLORIDA,BLUE CROSS BLUE SHIELD OF FLORIDA,1,55,98.5
NATIONAL INSTITUTES OF HEALTH NICHD,NATIONAL INSTITUTES OF HEALTH NIH,1,55,97.1
ROYAL CARRIBBEAN CRUISES,ROYAL CARIBBEAN CRUISES,1,55,97.9
UNIVERSAL SERVICE ADMINSTRATIVE,UNIVERSAL SERVICE ADMINISTRATIVE,1,55,98.4
INTERNATION FLAVORS AND FRAGANCES,INTERNATIONAL FLAVORS AND FRAGRANCES,1,55,95.7
BERKSHIRE HATHWAY SPECIALITY INSURANCE,BERKSHIRE HATHAWAY SPECIALTY INSURANCE,1,55,97.4
STATE OF CALIFORNIA FRANCHISE TAX BOARD FTB,STATE OF CALIFORNIA FRANCHISE TAX BOARD,5,54,95.1
OHIO DEPARTMENT OF JOBS AND FAMILY SERVICES,OHIO DEPARTMENT OF JOB AND FAMILY SERVICES,4,54,98.8
COMMON WEALTH OF PENNSYLVANIA,COMMONWEALTH OF PENNSYLVANIA,3,54,98.2
JFS OHIO DEPARTMENT OF JOB AND FAMILY SERVICES,OHIO DEPARTMENT OF JOB AND FAMILY SERVICES,1,54,95.5
STATE OF CALIFRONIA FRANCHISE TAX BOARD,STATE OF CALIFORNIA FRANCHISE TAX BOARD,1,54,97.4
KENT COUNT MEMORIAL HOSPITAL,KENT COUNTY MEMORIAL HOSPITAL,1,54,98.2
CLEVELAND CLINIC AVON HOSPITTAL,CLEVELAND CLINIC AVON HOSPITAL,1,54,98.4
NOVARTIS PHARMACEUTICAL,NOVARTIS PHARMACEUTICALS,9,53,97.9
REGALCARE REHABILITATION,REGAL CARE REHABILITATION,9,53,98.0
PIKE ENTERPRISE,PIKE ENTERPRISES,6,53,96.8
VOLVO TRUCK NORTH AMERICA,VOLVO TRUCKS NORTH AMERICA,3,53,98.0
BMW MANUFACTURIING,BMW MANUFACTURING,1,53,97.1
EASTWEST BANK,EAST WEST BANK,1,53,96.3
DAIKIN APPLIED AMERICA,DAIKIN APPLIED AMERICAS,3,52,97.8
MGM RESORTS INTERNATIONALOPERATIONS,MGM RESORTS INTERNATIONAL OPERATIONS,2,52,98.6
TEXAS DEPARTMENT OF FAMILY PROTECTIVE SERVICES,TEXAS DEPARTMENT OF FAMILY AND PROTECTIVE SERVICES,2,52,95.8
FEDERAL AVIATION ADMINITRATION,FEDERAL AVIATION ADMINISTRATION,1,52,98.4
MERCUERY INSURANCE SERVICES,MERCURY INSURANCE SERVICES,1,52,98.1
DAIKIN APPLIED AMERICS,DAIKIN APPLIED AMERICAS,1,52,97.8
CONDUENT BUSINESS SERVICE,CONDUENT BUSINESS SERVICES,1,52,98.0
CARE FIRST BCBS,CAREFIRST BCBS,7,51,96.6
GENWORTH FINANCIALS,GENWORTH FINANCIAL,4,51,97.3
TOTAL SYSTEMS SERVICES,TOTAL SYSTEM SERVICES,2,51,97.7
VIRGINIA DEPARTMENT OF TRANSPORTATION DOT,VIRGINIA DEPARTMENT OF TRANSPORTATION VDOT,2,51,98.8
E TRADE FINANCIALS,E TRADE FINANCIAL,1,51,97.1
GUARDIANS LIFE INSURANCE,GUARDIAN LIFE INSURANCE,1,51,97.9
GAURDIAN LIFE INSURANCE,GUARDIAN LIFE INSURANCE,1,51,95.7
CLEFVELAND CLINIC SOUTH POINTE HOSPITAL,CLEVELAND CLINIC SOUTH POINTE HOSPITAL,1,51,98.7
CLEVELAND CLINIC SOUTHPOINTE HOSPITAL,CLEVELAND CLINIC SOUTH POINTE HOSPITAL,1,51,98.7
CLEMENT J ZABLOCKI VETERAN AFFAIRS MEDICAL CENTER,CLEMENT J ZABLOCKI VETERANS AFFAIRS MEDICAL CENTER,1,51,99.0
CLEMENT J ZABOCKI VETERANS AFFAIRS MEDICAL CENTER,CLEMENT J ZABLOCKI VETERANS AFFAIRS MEDICAL CENTER,1,51,99.0
CALIFORNIA DEPARTMENT OF HEALTHCARE SERVICES,CALIFORNIA DEPARTMENT OF HEALTH CARE SERVICES,8,50,98.9
CLEVELAND CLINIC LUTHERAN HOSPTIAL,CLEVELAND CLINIC LUTHERAN HOSPITAL,4,50,97.1
EDWARD LIFE SCIENCES,EDWARDS LIFESCIENCES,3,50,95.0
OLHS ST MARY S MEDICAL CENTER,OLHS ST MARY MEDICAL CENTER,3,50,96.4
EDWARDS LIFE SCIENCE,EDWARDS LIFESCIENCES,2,50,95.0
JANSSEN PHARMACEUTICAL,JANSSEN PHARMACEUTICALS,2,50,97.8
CLEVELAND CLINIC LUTHERN HOSPITAL,CLEVELAND CLINIC LUTHERAN HOSPITAL,2,50,98.5
PERMANENT MEDICAL,PERMANENTE MEDICAL,1,50,97.1
MFS INVESTMENT MANGEMENT,MFS INVESTMENT MANAGEMENT,1,50,98.0
MSF INVESTMENT MANAGEMENT,MFS INVESTMENT MANAGEMENT,1,50,96.0
JANSEN PHARMACEUTICALS,JANSSEN PHARMACEUTICALS,1,50,97.8
JANSEEN PHARMACEUTICALS,JANSSEN PHARMACEUTICALS,1,50,95.7
JANSEN PHARMACEUTICAL,JANSSEN PHARMACEUTICALS,1,50,95.5
METROPOLITION TRANSPORTATION AUTHORITY MTA,METROPOLITAN TRANSPORTATION AUTHORITY MTA,1,50,96.4
UNIVARSOLUTIONS,UNIVAR SOLUTIONS,1,50,96.8
CLEVELAND CLINIC LUTHER HOSPITAL,CLEVELAND CLINIC LUTHERAN HOSPITAL,1,50,97.0
OLH S ST MARY MEDICAL CENTER,OLHS ST MARY MEDICAL CENTER,1,50,98.2
OLSH ST MARY MEDICAL CENTER,OLHS ST MARY MEDICAL CENTER,1,50,96.3
OHLS ST MARY MEDICAL CENTER,OLHS ST MARY MEDICAL CENTER,1,50,96.3
INDEPENDENCE BLUE CROSS IBX,INDEPENDENCE BLUE CROSS IBC,7,49,96.3
BUILDERS FIRST SOURCE,BUILDERS FIRSTSOURCE,7,49,97.6
THRIVENT FINANCIALS,THRIVENT FINANCIAL,6,49,97.3
INDEPENDANCE BLUE CROSS IBC,INDEPENDENCE BLUE CROSS IBC,4,49,96.3
BUILDER FIRSTSOURCE,BUILDERS FIRSTSOURCE,4,49,97.4
CLEAVELAND CLIFFS,CLEVELAND CLIFFS,1,49,97.0
CLEVELAND CLIFF,CLEVELAND CLIFFS,1,49,96.8
BUILDER FIRST SOURCE,BUILDERS FIRSTSOURCE,1,49,95.0
CONNECTIVE RX,CONNECTIVERX,7,48,96.0
CDC CENTERS FOR DISEASE CONTROL AND PREVENTION,CENTERS FOR DISEASE CONTROL AND PREVENTION,4,48,95.5
US DEPARTMENT OF VETRANS AFFAIRS,US DEPARTMENT OF VETERANS AFFAIRS,2,48,98.5
SAFRAN PASSENGER INNVOVATIONS,SAFRAN PASSENGER INNOVATIONS,2,48,98.2
SAFRAN PASSENGER INNOVATION,SAFRAN PASSENGER INNOVATIONS,2,48,98.2
SAFRAN PASSANGER INNOVATIONS,SAFRAN PASSENGER INNOVATIONS,2,48,96.4
US DEPARTMENT OF VETERANS AFFAIRS VA,US DEPARTMENT OF VETERANS AFFAIRS,1,48,95.7
US DEPARTMENT OF VETERAN AFFIARS,US DEPARTMENT OF VETERANS AFFAIRS,1,48,95.4
CENTER FOR DISEASE CONTROL AND PREVENTION,CENTERS FOR DISEASE CONTROL AND PREVENTION,1,48,98.8
TEXAS HEALTH AND HUMAN SERVICES COMMISSION TXHHSC,TEXAS HEALTH AND HUMAN SERVICES COMMISSION HHSC,1,48,97.9
TX HEALTH AND HUMAN SERVICES COMMISSION HHSC,TEXAS HEALTH AND HUMAN SERVICES COMMISSION HHSC,1,48,96.7
SAFRAN PASSENGERS INNOVATIONS,SAFRAN PASSENGER INNOVATIONS,1,48,98.2
MARYLAND HEALTH BENEFITS EXCHANGE MHBE,MARYLAND HEALTH BENEFIT EXCHANGE MHBE,3,47,98.7
MOODY S INVESTORS SERVICES,MOODY S INVESTORS SERVICE,3,47,98.0
MOODY S INVESTOR SERVICE,MOODY S INVESTORS SERVICE,3,47,98.0
MARYLAND HEALTH BENEFIT EXCHANGE MBHE,MARYLAND HEALTH BENEFIT EXCHANGE MHBE,1,47,97.3
GLOBAL PAYMENTS DIRECTOR,GLOBAL PAYMENTS DIRECT,1,47,95.7
MOODYS INVESTORS SERVICE,MOODY S INVESTORS SERVICE,1,47,98.0
MOODY S INVESTOR SERVICES,MOODY S INVESTORS SERVICE,1,47,96.0
BDP INTERNATIONAL,BP INTERNATIONAL,1,47,97.0
KIRKLAND AND ELLIES,KIRKLAND AND ELLIS,1,47,97.3
AT AND T LAB,AT AND T LABS,5,46,96.0
NORTH CAROLINA DEPARTMENT OF HEALTH AND HUMAN SERVICES DHHS,NORTH CAROLINA DEPARTMENT OF HEALTH AND HUMAN SERVICES,2,46,95.6
BRIDGESTONE AMERICA,BRIDGESTONE AMERICAS,2,46,97.4
HARRIS COUNTRY HOSPITAL DISTRICT,HARRIS COUNTY HOSPITAL DISTRICT,1,46,98.4
HARRIS COUNTY HOSPITAL DISTRCIT,HARRIS COUNTY HOSPITAL DISTRICT,1,46,96.8
NORTH CAROLINA DEPARTMENT OF HEALTH AND HUMAN SEVICES,NORTH CAROLINA DEPARTMENT OF HEALTH AND HUMAN SERVICES,1,46,99.1
NORTH CAROLINA DEPARTMENT OF HEALTH AND HUMAN SERVICE,NORTH CAROLINA DEPARTMENT OF HEALTH AND HUMAN SERVICES,1,46,99.1
NORTH CAROLINA DEPARTMENT OF HEALTH AND HUMAN SERV,NORTH CAROLINA DEPARTMENT OF HEALTH AND HUMAN SERVICES,1,46,96.2
SOUTH CAROLINA DEPARTMENT OF HEALTH AND HUMAN SERVICE,NORTH CAROLINA DEPARTMENT OF HEALTH AND HUMAN SERVICES,1,46,95.3
NEW JERSEY MANUFACTURES INSURANCE,NEW JERSEY MANUFACTURERS INSURANCE,1,46,98.5
NWE JERSEY MANUFACTURERS INSURANCE,NEW JERSEY MANUFACTURERS INSURANCE,1,46,97.1
UNIVERSITY MEDICAL CENTER OF NEW ORLEANS,UNIVERSITY MEDICAL CENTER NEW ORLEANS,1,46,96.1
UOFLHEALTH JEWISH HOSPITAL,UOFL HEALTH JEWISH HOSPITAL,1,46,98.1
TMNAS SERVICES,TMNA SERVICES,4,45,96.3
BLUE CROSS AND BLUE SHIELD MINNESOTA,BLUE CROSS AND BLUE SHIELD OF MINNESOTA,4,45,96.0
NOKIA OF AMERICAS,NOKIA OF AMERICA,2,45,97.0
WESTINGHOUSE AIRBRAKE TECHNOLOGIES,WESTINGHOUSE AIR BRAKE TECHNOLOGIES,2,45,98.6
LEXISNEXIS RISK SOLUTION,LEXISNEXIS RISK SOLUTIONS,1,45,98.0
BLUR CROSS AND BLUE SHIELD OF MINNESOTA,BLUE CROSS AND BLUE SHIELD OF MINNESOTA,1,45,97.4
CLEVELAND CLINIC EUCLID HOSPTIAL,CLEVELAND CLINIC EUCLID HOSPITAL,1,45,96.9
PROTECH SOLUTION,PROTECH SOLUTIONS,3,44,97.0
IGT GLOBAL SOLUTION,IGT GLOBAL SOLUTIONS,3,44,97.4
STATE OF MASSACHUSETS,STATE OF MASSACHUSETTS,1,44,97.7
SATE OF MASSACHUSETTS,STATE OF MASSACHUSETTS,1,44,97.7
OHIO DPEARTMENT OF MEDICAID,OHIO DEPARTMENT OF MEDICAID,1,44,96.3
WOLTERS KULWER UNITED STATES,WOLTERS KLUWER UNITED STATES,1,44,96.4
SCHINDLER ELEVATORS,SCHINDLER ELEVATOR,1,44,97.3
CAPITAL DISTRICT PHYSICIAN S HEALTH PLAN,CAPITAL DISTRICT PHYSICIANS HEALTH PLAN,1,44,98.7
COMMUNITY REGIONALMEDICAL CENTER,COMMUNITY REGIONAL MEDICAL CENTER,1,44,98.5
JAZZ TECHNOLGIES,JAZZ TECHNOLOGIES,1,44,97.0
VIRGINIA RETIREMENT SYSTEMS,VIRGINIA RETIREMENT SYSTEM,6,43,98.1
DTTC DEPOSITORY TRUST AND CLEARING,DTCC DEPOSITORY TRUST AND CLEARING,2,43,97.1
PERSISTENT SYSTEM,PERSISTENT SYSTEMS,2,43,97.1
DTCC DEPOSITORY TRUST AND CLEANING,DTCC DEPOSITORY TRUST AND CLEARING,1,43,97.1
CARINIAL CRUISE LINES,CARNIVAL CRUISE LINES,1,43,95.2
LULU LEMON ATHLETICA CANADA,LULULEMON ATHLETICA CANADA,1,43,98.1
INTERCONTINENTAL HOTEL,INTERCONTINENTAL HOTELS,5,42,97.8
INTER CONTINENTAL HOTELS,INTERCONTINENTAL HOTELS,4,42,97.9
RAYTHEON TECHNOLGIES,RAYTHEON TECHNOLOGIES,1,42,97.6
O3 TECHNOLOGY SOLUTION,O3 TECHNOLOGY SOLUTIONS,1,42,97.8
VA JOHN J COCHRAN VETERANS HOSPITAL,JOHN J COCHRAN VETERANS HOSPITAL,1,42,95.5
PETITIONERS BRAINS TECHNOLOGY SOLUTIONS,PETITIONER BRAINS TECHNOLOGY SOLUTIONS,1,42,98.7
PETITION BRAINS TECHNOLOGY SOLUTIONS,PETITIONER BRAINS TECHNOLOGY SOLUTIONS,1,42,97.3
CHILDREN S HEALTHCARE OF ATLANTA AT ARTHUR M BLANK HOSPITAL,CHILDREN S HEALTHCARE OF ATLANTA ARTHUR M BLANK HOSPITAL,1,42,97.4
FEDERAL HOMELOAN MORTGAGE CORPORATION FREDDIE MAC,FEDERAL HOME LOAN MORTGAGE CORPORATION FREDDIE MAC,7,41,99.0
COMMONWEALTH OF KENTUCKY CABINET FOR HEALTH AND FAMILY SERVICE CHFS,COMMONWEALTH OF KENTUCKY CABINET FOR HEALTH AND FAMILY SERVICES,6,41,96.9
PUBLIX SUPER MARKET,PUBLIX SUPER MARKETS,5,41,97.4
TIAA TEACHERS INSURANCE ANNUITY ASSOCIATION,TIAA TEACHERS INSURANCE AND ANNUITY ASSOCIATION,3,41,95.6
UNIVERSITY OF PITTSBURG MEDICAL CENTER,UNIVERSITY OF PITTSBURGH MEDICAL CENTER,2,41,98.7
UNIVERSITY PITTSBURGH MEDICAL CENTER,UNIVERSITY OF PITTSBURGH MEDICAL CENTER,2,41,96.0
ASCENSION TECHNOOLOGIES,ASCENSION TECHNOLOGIES,1,41,97.8
ASCENTION TECHNOLOGIES,ASCENSION TECHNOLOGIES,1,41,95.5
FEDERAL HOME LOAN MORTGAGE CORPORATION FREDDIE MA,FEDERAL HOME LOAN MORTGAGE CORPORATION FREDDIE MAC,1,41,99.0
FEDERAL HOME LOAN MORTGAGE CORPORATION FREDDIEMAC,FEDERAL HOME LOAN MORTGAGE CORPORATION FREDDIE MAC,1,41,99.0
FEDERAL HOME LOAN MORTGAGE CORPORATION FREDDIE,FEDERAL HOME LOAN MORTGAGE CORPORATION FREDDIE MAC,1,41,95.8
TIAA TEACHERS INSURANCE AND ANNUITYASSOCIATION,TIAA TEACHERS INSURANCE AND ANNUITY ASSOCIATION,1,41,98.9
COMMON WEALTH OF KENTUCKY CABINET FOR HEALTH AND FAMILY SERVICES,COMMONWEALTH OF KENTUCKY CABINET FOR HEALTH AND FAMILY SERVICES,1,41,99.2
COMMONWEALTH OF KENTUCKY CABINET FOR HEALTH AND FAMILY SERVICES OATS,COMMONWEALTH OF KENTUCKY CABINET FOR HEALTH AND FAMILY SERVICES,1,41,96.2
COMMONWEALTH OF KENTUCKY CHFS CABINET FOR HEALTH AND FAMILY SERVICES,COMMONWEALTH OF KENTUCKY CABINET FOR HEALTH AND FAMILY SERVICES,1,41,96.2
COMMONWEALTH OF KY CABINET FOR HEALTH AND FAMILY SERVICES,COMMONWEALTH OF KENTUCKY CABINET FOR HEALTH AND FAMILY SERVICES,1,41,95.0
HUGHES NETWORK SYSTEM,HUGHES NETWORK SYSTEMS,1,41,97.7
UNIVERSITY OF PITTSBURGH MEDICAL CENTRE,UNIVERSITY OF PITTSBURGH MEDICAL CENTER,1,41,97.4
BLUE CROSS AND BLUE SHIELDS OF KANSAS CITY,BLUE CROSS AND BLUE SHIELD OF KANSAS CITY,1,41,98.8
XORIANT CORPORATIONS EAST COAST OFFICE,XORIANT CORPORATION EAST COAST OFFICE,1,41,98.7
WESTINGHOUSE ELECTRICAL,WESTINGHOUSE ELECTRIC,1,41,95.5
NYS DEPARTMENT OF EDUCATION,NYC DEPARTMENT OF EDUCATION,1,41,96.3
PANASONIC AUTOMATIVE,PANASONIC AUTOMOTIVE,1,41,95.0
VERIZON CORPORATE OFFICES,VERIZON CORPORATE OFFICE,1,41,98.0
CATERPILLAR FINANCIAL SERVICE,CATERPILLAR FINANCIAL SERVICES,5,40,98.3
CT DEPARTMENT OF SOCIAL SERVICES,NYC DEPARTMENT OF SOCIAL SERVICES,4,40,95.4
SC DEPARTMENT OF SOCIAL SERVICES,NYC DEPARTMENT OF SOCIAL SERVICES,3,40,95.4
NYS DEPARTMENT OF SOCIAL SERVICES,NYC DEPARTMENT OF SOCIAL SERVICES,2,40,97.0
BARNES AND NOBLE BOOKSELLER,BARNES AND NOBLE BOOKSELLERS,2,40,98.2
TEACHER RETIREMENT SYSTEMS OF TEXAS,TEACHER RETIREMENT SYSTEM OF TEXAS,2,40,98.6
BLUE CROSS AND BLUE SHIELD OF MASSACHUSETT,BLUE CROSS AND BLUE SHIELD OF MASSACHUSETTS,2,40,98.8
DELTA FAUCETS,DELTA FAUCET,2,40,96.0
NY DEPARTMENT OF SOCIAL SERVICES,NYC DEPARTMENT OF SOCIAL SERVICES,1,40,98.5
TEACHER S RETIREMENT SYSTEM OF TEXAS,TEACHER RETIREMENT SYSTEM OF TEXAS,1,40,97.1
ARIZONA DEPARTMENT OF ECONOMIC SECURITY DDD,ARIZONA DEPARTMENT OF ECONOMIC SECURITY,1,40,95.1
BLUE CROSS AND BLUESHIELD OF MASSACHUSETTS,BLUE CROSS AND BLUE SHIELD OF MASSACHUSETTS,1,40,98.8
AGCS ALLIANZ GLOBAL CORPORATE AND SPECIALTTY,AGCS ALLIANZ GLOBAL CORPORATE AND SPECIALTY,1,40,98.9
AGCS ALLIANCE GLOBAL CORPORATE AND SPECIALITY,AGCS ALLIANZ GLOBAL CORPORATE AND SPECIALTY,1,40,95.5
CENTER OF SPECIALIZED MEDICINE,CENTER FOR SPECIALIZED MEDICINE,1,40,95.1
BATHS AND BODY WORKS,BATH AND BODY WORKS,1,40,97.4
SWIFT TECHNOLOGY CENTRE,SWIFT TECHNOLOGY CENTER,4,39,95.7
CHRISTUS ST FRANCIS CABRINI HOSPITAL,CHRISTUS ST FRANCES CABRINI HOSPITAL,3,39,97.2
ONEMAIN FINANCIALS,ONEMAIN FINANCIAL,3,39,97.1
HIGH MARK HEALTH,HIGHMARK HEALTH,2,39,96.8
BAUSH HEALTH,BAUSCH HEALTH,2,39,96.0
MARRIOT VACATION WORLDWIDE,MARRIOTT VACATIONS WORLDWIDE,2,39,96.3
JOHNSON AND JOHNSON MED TECH,JOHNSON AND JOHNSON MEDTECH,1,39,98.2
CT CORPORATION SYSTEMS,CT CORPORATION SYSTEM,1,39,97.7
PANASONIC AUTOMOTIVE SYSTEMSCOMPANY OF AMERICA,PANASONIC AUTOMOTIVE SYSTEMS COMPANY OF AMERICA,1,39,98.9
GULF STATE TOYOTA,GULF STATES TOYOTA,1,39,97.1
MARRIOT VACATIONS WORLDWIDE,MARRIOTT VACATIONS WORLDWIDE,1,39,98.2
WORK FORM HOME,WORK FOR HOME,6,38,96.3
DEPARTMENT OF HEALTH AND HUMAN SERVICES NIH,DEPARTMENT OF HEALTH AND HUMAN SERVICES,4,38,95.1
CLEAN EARTH ENVIRONMENT SOLUTIONS,CLEAN EARTH ENVIRONMENTAL SOLUTIONS,3,38,97.1
GEORGIE DEPARTMENT OF TRANSPORTATION,GEORGIA DEPARTMENT OF TRANSPORTATION,2,38,97.2
DEPARTMENT OF HEALTH AND HUMAN SERVICES HHS,DEPARTMENT OF HEALTH AND HUMAN SERVICES,2,38,95.1
WALGREENS BOOT ALLIANCE,WALGREENS BOOTS ALLIANCE,2,38,97.9
APPLE COMPUTERS,APPLE COMPUTER,2,38,96.6
WORLD FUELS SERVICES,WORLD FUEL SERVICES,1,38,97.4
TEK SYSTEMS GLOBAL SERVICES,TEKSYSTEMS GLOBAL SERVICES,1,38,98.1
TENET BUSINESS SERVICE,TENET BUSINESS SERVICES,1,38,97.8
GEORGIA DEPARTMENT OF TRANSPORATION,GEORGIA DEPARTMENT OF TRANSPORTATION,1,38,98.6
SIGNET JEWELLERS,SIGNET JEWELERS,1,38,96.8
ALIGNMENT HEALTH CARE,ALIGNMENT HEALTHCARE,1,38,97.6
WALGREEN S BOOTS ALLIANCE,WALGREENS BOOTS ALLIANCE,1,38,98.0
WALGREEN BOOTS ALLIANCE,WALGREENS BOOTS ALLIANCE,1,38,97.9
JAMES J PETER S VA MEDICAL CENTER,JAMES J PETERS VA MEDICAL CENTER,3,37,98.5
JOHN H STROGER HOSPITAL OF COOK COUNTY,JOHN H STROGER JR HOSPITAL OF COOK COUNTY,2,37,96.2
JAMES J PETER VA MEDICAL CENTER,JAMES J PETERS VA MEDICAL CENTER,2,37,98.4
AMERICAN BENEFIT CONSULTING,AMERICAN BENEFITS CONSULTING,2,37,98.2
BLUE CROSS BLUE SHIELD MINNESOTA,BLUE CROSS BLUE SHIELD OF MINNESOTA,2,37,95.5
DEPARTMENT OF VETERAN AFFAIRS VA,DEPARTMENT OF VETERAN AFFAIRS,2,37,95.1
DELTA FLIGHTS PRODUCTS,DELTA FLIGHT PRODUCTS,2,37,97.7
CARE FIRST FEPOC,CAREFIRST FEPOC,2,37,96.8
BANK OF NEWYORK MELLON CORPORATION BNYM,BANK OF NEW YORK MELLON CORPORATION BNYM,1,37,98.7
RANDOLPH BROOK FEDERAL CREDIT UNION,RANDOLPH BROOKS FEDERAL CREDIT UNION,1,37,98.6
COMCAST CABLE COMMUNICATIONS MANAGMENT,COMCAST CABLE COMMUNICATION MANAGEMENT,1,37,97.4
COMCAST CABLE COMMUNICATIONS MANAGEMENT LL,COMCAST CABLE COMMUNICATION MANAGEMENT,1,37,95.0
DELTA FLIGHT PRODUCT,DELTA FLIGHT PRODUCTS,1,37,97.6
REPUBLIC NATIONAL DISTRIBUTING COMPANY LLC RNDC,REPUBLIC NATIONAL DISTRIBUTING COMPANY RNDC,1,37,95.6
NYU LANGONE HEATH,NYU LANGONE HEALTH,1,37,97.1
ADVENT HEALTH SEBRING,ADVENTHEALTH SEBRING,1,37,97.6
FOURTH TECNOLOGIES,FOURTH TECHNOLOGIES,1,37,97.3
STATE STREET GLOBAL ADVISOR,STATE STREET GLOBAL ADVISORS,4,36,98.2
PHILLIPS MEDSIZE,PHILLIPS MEDISIZE,3,36,97.0
PHILLIP MEDISIZE,PHILLIPS MEDISIZE,2,36,97.0
MCNEILUS TRUCKS AND MANUFACTURING,MCNEILUS TRUCK AND MANUFACTURING,2,36,98.5
GRAND STRAN REGIONAL MEDICAL CENTER,GRAND STRAND REGIONAL MEDICAL CENTER,2,36,98.6
UNIVERSITY OF PITTSBURG MEDICAL CENTER UPMC,UNIVERSITY OF PITTSBURGH MEDICAL CENTER UPMC,1,36,98.9
UNIVERSITY OF PITTSBURGH MEDICAL CENTRE UPMC,UNIVERSITY OF PITTSBURGH MEDICAL CENTER UPMC,1,36,97.7
ONEMAIN GENRAL SERVICES,ONEMAIN GENERAL SERVICES,1,36,97.9
INGERSOL RAND,INGERSOLL RAND,1,36,96.3
ST VINCENTS MEDICAL CENTER,ST VINCENT S MEDICAL CENTER,1,36,98.1
ST VINCENT MEDICAL CENTER,ST VINCENT S MEDICAL CENTER,1,36,96.2
GRAND STRANS REGIONAL MEDICAL CENTER,GRAND STRAND REGIONAL MEDICAL CENTER,1,36,97.2
ADVENT HEALTH TAMPA,ADVENTHEALTH TAMPA,1,36,97.3
ARCHKEY SOLUTION S,ARCHKEY SOLUTIONS,1,36,97.1
ARCHKEYSOLUTIONS,ARCHKEY SOLUTIONS,1,36,97.0
ARCHKEY SOLUTION,ARCHKEY SOLUTIONS,1,36,97.0
SANTA CLARA VALEY MEDICAL CENTER,SANTA CLARA VALLEY MEDICAL CENTER,1,36,98.5
NORWEGIAN CRUISE LINES,NORWEGIAN CRUISE LINE,6,35,97.7
OCHSNER ST MARY S MEDICAL CENTER,OCHSNER ST MARY MEDICAL CENTER,5,35,96.8
AKSHAR PLASIC,AKSHAR PLASTIC,5,35,96.3
COMCAST TECHNOLOGY CENTRE,COMCAST TECHNOLOGY CENTER,3,35,96.0
RED MANE TECHNOLOGY,REDMANE TECHNOLOGY,2,35,97.3
AKSHAR PLASTICS,AKSHAR PLASTIC,2,35,96.6
HORIZON BLUE CROSS BLUE SHILED,HORIZON BLUE CROSS BLUE SHIELD,1,35,96.7
HORIZON BLUECROSS BLUESHIELD,HORIZON BLUE CROSS BLUE SHIELD,1,35,96.6
MARELLI NORTH AMERICAN,MARELLI NORTH AMERICA,1,35,97.7
CIGNA EXPRESS SCRIPT,CIGNA EXPRESS SCRIPTS,1,35,97.6
BLUE CROSS BLUE SHIELD OF MICHIGAN BCBS MI,BLUE CROSS BLUE SHIELD OF MICHIGAN BCBSM,1,35,97.6
BLUE CROSS BLUE SHIELD OF MICHIGAN BSBSM,BLUE CROSS BLUE SHIELD OF MICHIGAN BCBSM,1,35,97.5
BLUE CROSS BLUE SHIELD MICHIGAN BCBSM,BLUE CROSS BLUE SHIELD OF MICHIGAN BCBSM,1,35,96.1
BLUE CROSS AND BLUE SHIELD OF MICHIGAN BCBSM,BLUE CROSS BLUE SHIELD OF MICHIGAN BCBSM,1,35,95.2
NORTON LIFELOCK,NORTONLIFELOCK,1,35,96.6
LABORATORY CORPORATION OF AMERICA TM,LABORATORY CORPORATION OF AMERICA,1,35,95.7
GWINNETTE COUNTY,GWINNETT COUNTY,1,35,96.8
PEPSI CO FRITO LAY NORTH AMERICA,PEPSICO FRITO LAY NORTH AMERICA,1,35,98.4
CS SOLUTIONS,ACS SOLUTIONS,4,34,96.0
NEW WAVE TELECOM AND TECHNOLOGIES,NEWWAVE TELECOM AND TECHNOLOGIES,3,34,98.5
CONSOLIDATED ELECTRICAL DISTRIBUTOR,CONSOLIDATED ELECTRICAL DISTRIBUTORS,3,34,98.6
CONSOLIDATED ELECTRICAL DISTIBUTORS,CONSOLIDATED ELECTRICAL DISTRIBUTORS,2,34,98.6
RAYMOND JAME,RAYMOND JAMES,2,34,96.0
TRAVEL AND LEISURE CO WYNDHAM DESTINATIONS,TRAVEL LEISURE CO WYNDHAM DESTINATIONS,2,34,95.0
OPTUM UNITEDHEALTH CARE,OPTUM UNITED HEALTHCARE,2,34,95.7
LUCILLE PACKARD CHILDREN S HOSPITAL,LUCILE PACKARD CHILDREN S HOSPITAL,2,34,98.6
NEWWAY TELECOM AND TECHNOLOGIES,NEWWAVE TELECOM AND TECHNOLOGIES,1,34,95.2
CONSOLIDATED ELECTRICAL DISTRIBUTIONS,CONSOLIDATED ELECTRICAL DISTRIBUTORS,1,34,95.9
HARLY DAVIDSON MOTOR,HARLEY DAVIDSON MOTOR,1,34,97.6
NBC UNIVERSLAL MEDIA,NBC UNIVERSAL MEDIA,1,34,97.4
REPULIC FINANCE,REPUBLIC FINANCE,1,34,96.8
CALIFORNIA FRANCHISEE TAX BOARD,CALIFORNIA FRANCHISE TAX BOARD,1,34,98.4
APOLLO INSURANCE SOLUTION,APOLLO INSURANCE SOLUTIONS,1,34,98.0
BLUE CROSS AND BLUE SHIELD OF FLORINDA,BLUE CROSS AND BLUE SHIELD OF FLORIDA,1,34,98.7
UPL UNITED PARCEL SERVICE,UPS UNITED PARCEL SERVICE,1,34,96.0
BLACK AND VEATECH,BLACK AND VEATCH,1,34,97.0
ACS SOLUTION,ACS SOLUTIONS,1,34,96.0
CALTRANS STATE OF CALIFORNIA DEPARTMENT OF TRANSPORTATION,CALTRANS STATE OF CALIFORNIA DEPARTMENT OF TRANSPORTATIONS,1,34,99.1
DIALYSIS CLINICS,DIALYSIS CLINIC,1,34,96.8
CLOVIS COMMUNITY MEDICALCENTER,CLOVIS COMMUNITY MEDICAL CENTER,1,34,98.4
OPTUM UNITED HEALTH CARE,OPTUM UNITED HEALTHCARE,1,34,97.9
LUCLIE PACKARD CHILDREN S HOSPITAL,LUCILE PACKARD CHILDREN S HOSPITAL,1,34,97.1
BLACKHAWK NETWORKS,BLACKHAWK NETWORK,6,33,97.1
INFO CROSSING,INFOCROSSING,4,33,96.0
PRICE WATERHOUSE COOPERS PWC,PRICEWATERHOUSECOOPERS PWC,3,33,96.3
OPTUM SERVICES INC UNITED HEALTH,OPTUM SERVICES INC UNITEDHEALTH,3,33,98.4
CHARTER COMMUNICATION SPECTRUM,CHARTER COMMUNICATIONS SPECTRUM,2,33,98.4
ST FRANCIS HOSPITAL AND MEDICAL CENTER,SAINT FRANCIS HOSPITAL AND MEDICAL CENTER,2,33,96.2
CLEVELAND CLINICS,CLEVELAND CLINIC,2,33,97.0
MODERNA THERAPUTICS,MODERNA THERAPEUTICS,1,33,97.4
MODERNA THERAPUETICS,MODERNA THERAPEUTICS,1,33,95.0
UNITED STATES OF AUTOMOBILE ASSOCIATION,UNITED STATES AUTOMOBILE ASSOCIATION,1,33,96.0
FARM CREDIT FINANCIAL PARTNERS NC,FARM CREDIT FINANCIAL PARTNERS,1,33,95.2
PRICEWATERHOUSE COOPERS PWC,PRICEWATERHOUSECOOPERS PWC,1,33,98.1
WL CORE AND ASSOCIATES,WL GORE AND ASSOCIATES,1,33,95.5
HILTON WORLWIDE,HILTON WORLDWIDE,1,33,96.8
STELLANTIS XFCA,STELLANTIS FCA,1,33,96.6
GENERAL DYNAMICS INFORMATION TECHNOLOGY INC GDIT,GENERAL DYNAMICS INFORMATION TECHNOLOGY GDIT,4,32,95.7
BRONX CARE HEALTH SYSTEM,BRONXCARE HEALTH SYSTEM,3,32,97.9
WOMAN AND INFANTS HOSPITAL OF RHODE ISLAND,WOMEN AND INFANTS HOSPITAL OF RHODE ISLAND,2,32,97.6
BRONXCARE HEALTH SYSTEMS,BRONXCARE HEALTH SYSTEM,2,32,97.9
ORHTO CLINICAL DIAGNOSTICS,ORTHO CLINICAL DIAGNOSTICS,1,32,96.2
CYBER SOFT TECHNOLOGIES,CYBERSOFT TECHNOLOGIES,1,32,97.8
TUSCON ELECTRIC POWER,TUCSON ELECTRIC POWER,1,32,95.2
WOMEN AND INFANTS HOSPIAL OF RHODE ISLAND,WOMEN AND INFANTS HOSPITAL OF RHODE ISLAND,1,32,98.8
UNITED STATES DEPARTMENT OF AGRICULTURE ARS,UNITED STATES DEPARTMENT OF AGRICULTURE,1,32,95.1
GENENRAL DYNAMICS INFORMATION TECHNOLOGY GDIT,GENERAL DYNAMICS INFORMATION TECHNOLOGY GDIT,1,32,98.9
GENERAL DYNAMICS INFORMATION TECHNOLOGIES GDIT,GENERAL DYNAMICS INFORMATION TECHNOLOGY GDIT,1,32,95.6
HAWAII MEDICAL SERVICES ASSOCIATION HMSA,HAWAII MEDICAL SERVICE ASSOCIATION HMSA,1,32,98.7
PUDGET SOUND ENERGY,PUGET SOUND ENERGY,1,32,97.3
COLUMBIA SPORTWEAR,COLUMBIA SPORTSWEAR,1,32,97.3
MULTICARE ALLENMOORE HOSPITAL,MULTICARE ALLENMORE HOSPITAL,1,32,98.2
SOUTH CAROLINA DEPARTMENT OF TRANSPORTATION,NORTH CAROLINA DEPARTMENT OF TRANSPORTATION,4,31,95.3
SAFELITE AUTO GLASS,SAFELITE AUTOGLASS,4,31,97.3
TECHNO PRIDE SOFTWARE SERVICES,TECHNOPRIDE SOFTWARE SERVICES,4,31,98.3
EDUCATION TESTING SERVICES,EDUCATIONAL TESTING SERVICES,3,31,96.3
ARMY AND AIRFORCE EXCHANGE SERVICE AAFES,ARMY AND AIR FORCE EXCHANGE SERVICE AAFES,3,31,98.8
OLHS CLINIC ST VINCENT,OLHS CLINICS ST VINCENT,3,31,97.8
OREILLY AUTO PARTS,O REILLY AUTO PARTS,3,31,97.3
HOSPITAL OF THE UNIVERSITY OF PENNSYLVANIA HUP,HOSPITAL OF THE UNIVERSITY OF PENNSYLVANIA,3,31,95.5
QBE INSURANCES,QBE INSURANCE,2,31,96.3
ADVANCED TECHNOLOGY DEVELOPMENT CENTER,AAM ADVANCED TECHNOLOGY DEVELOPMENT CENTER,2,31,95.0
ULTRAGENYX PHARMACEUTICALS,ULTRAGENYX PHARMACEUTICAL,2,31,98.0
NORTH CAROLINA DEPARTMENT OF TRANSPORTION,NORTH CAROLINA DEPARTMENT OF TRANSPORTATION,1,31,97.6
UNILTED HEALTH CARE,UNITED HEALTH CARE,1,31,97.3
UNITEDHEALTH CARE,UNITED HEALTH CARE,1,31,97.1
FEDERAL HOME LOAN BANKS,FEDERAL HOME LOAN BANK,1,31,97.8
RAYMOND JAMES AND ASSOCIATE S,RAYMOND JAMES AND ASSOCIATES,1,31,98.2
NEWYORK CITY DEPARTMENT OF SOCIAL SERVICES,NEW YORK CITY DEPARTMENT OF SOCIAL SERVICES,1,31,98.8
DHS NEW YORK CITY DEPARTMENT OF SOCIAL SERVICES,NEW YORK CITY DEPARTMENT OF SOCIAL SERVICES,1,31,95.6
NEW YORK CITY DEPARTMENT OF SOCIAL SERVICES DSS,NEW YORK CITY DEPARTMENT OF SOCIAL SERVICES,1,31,95.6
YORK CITY DEPARTMENT OF SOCIAL SERVICES,NEW YORK CITY DEPARTMENT OF SOCIAL SERVICES,1,31,95.1
ARMY AND AIRFORCE EXCHANGE SERVICES AAFES,ARMY AND AIR FORCE EXCHANGE SERVICE AAFES,1,31,97.6
ARMY AND AIR FORCE EXHANGE SERVICES AAFES,ARMY AND AIR FORCE EXCHANGE SERVICE AAFES,1,31,97.6
O RELLY AUTO PARTS,O REILLY AUTO PARTS,1,31,97.3
VALLEY HEALTH SYSTEM WINCHESTER MEDICAL CENTER,VALLEYHEALTH SYSTEM WINCHESTER MEDICAL CENTER,1,31,98.9
CALIFORNIA DEPARTMENT OF MOTOR VEHICLES DMV,CALIFORNIA DEPARTMENT OF MOTOR VEHICLES,4,30,95.1
WESCO DISTRIBUTIONS,WESCO DISTRIBUTION,2,30,97.3
ST MICHAEL S MEDICAL CENTER,ST MICHAEL MEDICAL CENTER,2,30,96.2
MASTSON NAVIGATION,MATSON NAVIGATION,2,30,97.1
TOSHIBA GLOBAL COMMERCE SOLUTION,TOSHIBA GLOBAL COMMERCE SOLUTIONS,2,30,98.5
TOSHIBA GLOBAL COMMERCE SOLUTIONS HQ,TOSHIBA GLOBAL COMMERCE SOLUTIONS,2,30,95.7
COMPUTER SHARE,COMPUTERSHARE,2,30,96.3
NATIONAL INSTITUE OF STANDARDS AND TECHNOLOGY NIST,NATIONAL INSTITUTE OF STANDARDS AND TECHNOLOGY NIST,1,30,99.0
NATIONAL LNSTITUTE OF STANDARDS AND TECHNOLOGY NIST,NATIONAL INSTITUTE OF STANDARDS AND TECHNOLOGY NIST,1,30,98.0
US INTERNATIONAL BUSINESS MACHINES CORPORATION IBM,INTERNATIONAL BUSINESS MACHINES CORPORATION IBM,1,30,96.9
ST MICHAELS MEDICAL CENTER,ST MICHAEL MEDICAL CENTER,1,30,98.0
CALIFORNIA DEPARTMENT OF MOTOR VEHICLE,CALIFORNIA DEPARTMENT OF MOTOR VEHICLES,1,30,98.7
MATSON NAVIGATIONS,MATSON NAVIGATION,1,30,97.1
OWENS CORNINGS,OWENS CORNING,1,30,96.3
BIOMARIN PHARMACEUTICALS,BIOMARIN PHARMACEUTICAL,1,30,97.9
CLEAN HARBOR,CLEAN HARBORS,1,30,96.0
CLEAN HABORS,CLEAN HARBORS,1,30,96.0
CLEANHARBORS,CLEAN HARBORS,1,30,96.0
UNITED PARCEL SERVICES AMERICA,UNITED PARCEL SERVICES OF AMERICA,1,30,95.2
JOHN DEER ISG AND FINANCIAL,JOHN DEERE ISG AND FINANCIAL,1,30,98.2
DISNEY PARKS TECHNOLOGY SERVICE,DISNEY PARKS TECHNOLOGY SERVICES,1,30,98.4
AMERICAN TOWERS,AMERICAN TOWER,5,29,96.6
AUTOMOBILE CLUB OF SOUTHERN CALIFORNIA AAA,AUTOMOBILE CLUB OF SOUTHERN CALIFORNIA,4,29,95.0
DEPARTMENT OF HEALTHCARE SERVICES,DEPARTMENT OF HEALTH CARE SERVICES,3,29,98.5
CA DEPARTMENT OF HEALTH CARE SERVICES,DEPARTMENT OF HEALTH CARE SERVICES,3,29,95.8
WIPRO INFROCROSSING,WIPRO INFOCROSSING,3,29,97.3
AAA AUTOMOBILE CLUB OF SOUTHERN CALIFORNIA,AUTOMOBILE CLUB OF SOUTHERN CALIFORNIA,2,29,95.0
TITLE 21 HEALTHCARE,TITLE21 HEALTHCARE,2,29,97.3
STELLANTIS NORTH AMERICAN HEADQUARTERS,STELLANTIS NORTH AMERICA HEADQUARTERS,2,29,98.7
NEW YORK STATE OF INSURANCE FUND,NEW YORK STATE INSURANCE FUND,1,29,95.1
DEPARTMENT OF HEALTH CARE SERVICE,DEPARTMENT OF HEALTH CARE SERVICES,1,29,98.5
DEPARTMENT OF HEALTH CARE SERVICES CA,DEPARTMENT OF HEALTH CARE SERVICES,1,29,95.8
TOYOTA MOTOR ENGINEER AND MANUFACTURING,TOYOTA MOTOR ENGINEERING AND MANUFACTURING,1,29,96.3
NEWTON COUNTYSCHOOL SYSTEM,NEWTON COUNTY SCHOOL SYSTEM,1,29,98.1
THEADYNAMICS REHAB MANAGEMENT,THERADYNAMICS REHAB MANAGEMENT,1,29,98.3
STELLANTIS NORTH AMERICA HEAD QUARTERS,STELLANTIS NORTH AMERICA HEADQUARTERS,1,29,98.7
STELLANTIS NORTH AMERICA HEADQUARTER,STELLANTIS NORTH AMERICA HEADQUARTERS,1,29,98.6
NEW YORK CITY OFFICE OF TECHNOLOGY AND INNOVATIONS OTI,NEW YORK CITY OFFICE OF TECHNOLOGY AND INNOVATION,5,28,95.1
KESTRA FINANCIALS,KESTRA FINANCIAL,4,28,97.0
JAYSON SAFETY SYSTEMS,JOYSON SAFETY SYSTEMS,4,28,95.2
HCSC HEALTHCARE SERVICE,HCSC HEALTH CARE SERVICE,3,28,97.9
YAMAHA MOTORS,YAMAHA MOTOR,3,28,96.0
ICREDIT WORKS,ICREDITWORKS,3,28,96.0
NEXTERA ENERGY FLORIDA POWER AND LIGHT,NEXTERA ENERGY INC FLORIDA POWER AND LIGHT,3,28,95.0
KERING AMERICA S,KERING AMERICAS,2,28,96.8
KERING AMERICA,KERING AMERICAS,2,28,96.6
UNITED STATES POSTAL SERVICES,UNITED STATES POSTAL SERVICE,2,28,98.2
REALOGY SERVICE,REALOGY SERVICES,2,28,96.8
CHICAGO PUBLIC SCHOOL,CHICAGO PUBLIC SCHOOLS,2,28,97.7
HCSC HEALTHCARE SERVICES,HCSC HEALTH CARE SERVICE,2,28,95.8
HILTON DOMESTIC OPERATION,HILTON DOMESTIC OPERATING,2,28,96.0
ALEXION PHARMACEUTICAL,ALEXION PHARMACEUTICALS,2,28,97.8
JOHN HOPKINS HOSPITAL,JOHNS HOPKINS HOSPITAL,2,28,97.7
HARRY S TRUMAN MEMORIAL VETERANS HOSPITAL VA,HARRY S TRUMAN MEMORIAL VETERANS HOSPITAL,2,28,96.5
NEW YORK CITY OFFICE OF TECHNOLOGY AND INNOVATIONS,NEW YORK CITY OFFICE OF TECHNOLOGY AND INNOVATION,2,28,99.0
TDA AMERITRADE,TD AMERITRADE,1,28,96.3
CSX TRANSPORATION,CSX TRANSPORTATION,1,28,97.1
UNITED STATE POSTAL SERVICES,UNITED STATES POSTAL SERVICE,1,28,96.4
BROTHERS INTERNATIONAL,BROTHER INTERNATIONAL,1,28,97.7
KESTRA FINANACIAL,KESTRA FINANCIAL,1,28,97.0
JOHN S HOPKINS HOSPITAL,JOHNS HOPKINS HOSPITAL,1,28,97.8
CONSTELLATION BRAND,CONSTELLATION BRANDS,1,28,97.4
HARRY S TRUMAN MEMORIAL VETERAN S HOSPITAL,HARRY S TRUMAN MEMORIAL VETERANS HOSPITAL,1,28,98.8
RICH PRODUCT,RICH PRODUCTS,1,28,96.0
CLEVELAND CLINIC MAIN CAMPUT,CLEVELAND CLINIC MAIN CAMPUS,1,28,96.4
NEWYORK CITY OFFICE OF TECHNOLOGY AND INNOVATION,NEW YORK CITY OFFICE OF TECHNOLOGY AND INNOVATION,1,28,99.0
JOYSON SAFETY SYSEMS,JOYSON SAFETY SYSTEMS,1,28,97.6
FLORIDA DEPARTMENT OF CHILDREN AND FAMILIES DCF,FLORIDA DEPARTMENT OF CHILDREN AND FAMILIES,5,27,95.6
ACADEMY SPORT OUTDOORS,ACADEMY SPORTS OUTDOORS,3,27,97.8
TEXAS WORKFORCE COMMISION,TEXAS WORKFORCE COMMISSION,3,27,98.0
US DEPARTMENT OF HEALTH AND HUMAN SERVICES HHS,US DEPARTMENT OF HEALTH AND HUMAN SERVICES,3,27,95.5
CLEVELAND CLINIC MEDINA HOSPTIAL,CLEVELAND CLINIC MEDINA HOSPITAL,2,27,96.9
ALBAMA DEPARTMENT OF PUBLIC HEALTH,ALABAMA DEPARTMENT OF PUBLIC HEALTH,2,27,98.6
SIEMENS MEDICAL SOLUTION,SIEMENS MEDICAL SOLUTIONS,2,27,98.0
WESTBEND INSURANCE,WEST BEND INSURANCE,2,27,97.3
UNITED STATES OF AUTOMOBILE ASSOCIATION USAA,UNITED STATES AUTOMOBILE ASSOCIATION USAA,1,27,96.5
ACADEMY SPORTS OUTDOOR,ACADEMY SPORTS OUTDOORS,1,27,97.8
TOKIO MARINE NORTH AMERICAN SERVICES,TOKIO MARINE NORTH AMERICA SERVICES,1,27,98.6
FLORIDA DEPARTMENT OF CHILDREN AND FAMILIES END,FLORIDA DEPARTMENT OF CHILDREN AND FAMILIES,1,27,95.6
SC JOHNSON AND SONS,SC JOHNSON AND SON,1,27,97.3
TEXAS WORK FORCE COMMISSION,TEXAS WORKFORCE COMMISSION,1,27,98.1
UTAH DEPARTMENT OF HEALTH AND HUMAN SERVICES,US DEPARTMENT OF HEALTH AND HUMAN SERVICES,1,27,95.3
WEATHER FORD INTERNATIONAL,WEATHERFORD INTERNATIONAL,1,27,98.0
GEORGIA DEPARTMNET OF CORRECTIONS,GEORGIA DEPARTMENT OF CORRECTIONS,1,27,97.0
COUNTY OF SAN BERNADINO,COUNTY OF SAN BERNARDINO,1,27,97.9
LAKE SHORE LEARNING MATERIALS,LAKESHORE LEARNING MATERIALS,1,27,98.2
FLORIDA CANCER SPECIALIST AND RESEARCH INSTUTUTE,FLORIDA CANCER SPECIALIST AND RESEARCH INSTITUTE,1,27,97.9
FLORIDA CANCER SPECIALIST RESEARCH INSTITUTE,FLORIDA CANCER SPECIALIST AND RESEARCH INSTITUTE,1,27,95.7
AMERICAN WATERS,AMERICAN WATER,4,26,96.6
GORDON FOOD SERVICES,GORDON FOOD SERVICE,4,26,97.4
BLUE CROSS BLUE SHIELD OF FLORIDA INC BCBSFL,BLUE CROSS BLUE SHIELD OF FLORIDA BCBSFL,3,26,95.2
STATE OF OHIO DEPARTMENT OF ADMINISTRATION SERVICES,STATE OF OHIO DEPARTMENT OF ADMINISTRATIVE SERVICES,3,26,96.1
RETAI LFINANCE INTERNATIONAL,RETAIL FINANCE INTERNATIONAL,2,26,96.4
STATE OF OHIO DEPARTMENT OF ADMINISTRATIVE SERVICE,STATE OF OHIO DEPARTMENT OF ADMINISTRATIVE SERVICES,2,26,99.0
ILLINOIS DEPARTMENT OF INNOVATION AND TECHNOLOGY DOIT,ILLINOIS DEPARTMENT OF INNOVATION AND TECHNOLOGY,2,26,95.0
KENVUE JOHNSON AND JOHNSON CONSUMER SERVICES,KENVUE INC JOHNSON AND JOHNSON CONSUMER SERVICES,2,26,95.7
PEACEHEATH SOUTHWEST MEDICAL CENTER,PEACEHEALTH SOUTHWEST MEDICAL CENTER,1,26,98.6
BLUE CROSS AND BLUE SHIELD OF FLORIDA BCBSFL,BLUE CROSS BLUE SHIELD OF FLORIDA BCBSFL,1,26,95.2
ALLLISON TRANSMISSION,ALLISON TRANSMISSION,1,26,97.6
ALLISON TRANSMISSIONS,ALLISON TRANSMISSION,1,26,97.6
GORDON FOODS SERVICES,GORDON FOOD SERVICE,1,26,95.0
STATE OF OHIO DEPARTMENT OF ADMINISTRATIVE SERVICES DAS,STATE OF OHIO DEPARTMENT OF ADMINISTRATIVE SERVICES,1,26,96.2
GUIDE WELL SOURCE,GUIDEWELL SOURCE,1,26,97.0
NEW YORK STATE DEPARTMENT OFTAXATION AND FINANCE,NEW YORK STATE DEPARTMENT OF TAXATION AND FINANCE,1,26,99.0
ONTO INNOVATIONS,ONTO INNOVATION,1,26,96.8
ILLINOIS DEPARTMENT OF INNOVATON AND TECHNOLOGY,ILLINOIS DEPARTMENT OF INNOVATION AND TECHNOLOGY,1,26,98.9
SUNWARE ASSOIATES,SUNWARE ASSOCIATES,1,26,97.1
PROCEPT BIO ROBOTICS,PROCEPT BIOROBOTICS,5,25,97.4
FEDERAL HOME LOAN BANK ATLANTA,FEDERAL HOME LOAN BANK OF ATLANTA,5,25,95.2
METRO HEALTH MEDICAL CENTER,METROHEALTH MEDICAL CENTER,3,25,98.1
RE INSURANCE GROUP OF AMERICA,REINSURANCE GROUP OF AMERICA,2,25,98.2
PAPAJOHN S INTERNATIONAL,PAPA JOHN S INTERNATIONAL,2,25,98.0
NJ OFFICE OF INFORMATION TECHNOLOGY,NYS OFFICE OF INFORMATION TECHNOLOGY,2,25,95.8
PRINCIPLE LIFE INSURANCE,PRINCIPAL LIFE INSURANCE,1,25,95.8
PAPAJOHNS INTERNATIONAL,PAPA JOHN S INTERNATIONAL,1,25,95.8
FEDERAL NATIONAL MORTGAGE ASSOCIATION FANNIEMAE,FEDERAL NATIONAL MORTGAGE ASSOCIATION FANNIE MAE,1,25,98.9
FEDERAL NATIONAL MORTAGE ASSOCIATION FANNIE MAE,FEDERAL NATIONAL MORTGAGE ASSOCIATION FANNIE MAE,1,25,98.9
APTIV SERVICE,APTIV SERVICES,1,25,96.3
BOEING EMPLOYEE S CREDIT UNION,BOEING EMPLOYEES CREDIT UNION,1,25,98.3
GENERAC POWER SYSTEM,GENERAC POWER SYSTEMS,1,25,97.6
WEST PHAMACEUTICALS SERVICES,WEST PHARMACEUTICAL SERVICES,1,25,96.4
MISSISSIPPI DEPARTMENT OF HUMAN SERVICE,MISSISSIPPI DEPARTMENT OF HUMAN SERVICES,1,25,98.7
FIDELILTY MANAGEMENT AND RESEARCH,FIDELITY MANAGEMENT AND RESEARCH,1,25,98.5
FIDELITY MANAGEMENT AND RESERACH,FIDELITY MANAGEMENT AND RESEARCH,1,25,96.9
ROCH SEQUENCING SOLUTIONS,ROCHE SEQUENCING SOLUTIONS,1,25,98.0
ROCHE SEQUENCING SOLUTION,ROCHE SEQUENCING SOLUTIONS,1,25,98.0
BREAD FINANCIALS,BREAD FINANCIAL,1,25,96.8
FEDRAL HOME LOAN BANK OF ATLANTA,FEDERAL HOME LOAN BANK OF ATLANTA,1,25,98.5
CAPGEMINI AMERICAS,CAPGEMINI AMERICA,1,25,97.1
PIN WHEEL SOLUTIONS,PINWHEEL SOLUTIONS,1,25,97.3
SAIL SOFTWARE SOLUTIONS,SAILS SOFTWARE SOLUTIONS,1,25,97.9
WINDMIND HEALTH ADDICTION GERIATRIC AND PALLIATIVE MEDICINE,WINMIND HEALTH ADDICTION GERIATRIC AND PALLIATIVE MEDICINE,1,25,99.1
WINMIND HEALTH ADDICTION GERIARTRIC AND PALLIATIVE MEDICINE,WINMIND HEALTH ADDICTION GERIATRIC AND PALLIATIVE MEDICINE,1,25,99.1
WINMIND HEALTH ADDICTION GERIATIC AND PALLIATIVE MEDICINE,WINMIND HEALTH ADDICTION GERIATRIC AND PALLIATIVE MEDICINE,1,25,99.1
WINMIND HEALTH ADDICTIN GERIATRIC AND PALLIATIVE MEDICINE,WINMIND HEALTH ADDICTION GERIATRIC AND PALLIATIVE MEDICINE,1,25,99.1
FINANCIAL INDUSTRY REGULATORY AUTHORITY S FINRA,FINANCIAL INDUSTRY REGULATORY AUTHORITY FINRA,4,24,97.8
CENTER FOR MEDICARE AND MEDICAID SERVICES,CENTERS FOR MEDICARE AND MEDICAID SERVICES,4,24,98.8
CLOUDEND PLATFORMS,CLOUDEND PLATFORM,4,24,97.1
PROVIDENCE ST MARY S MEDICAL CENTER,PROVIDENCE ST MARY MEDICAL CENTER,4,24,97.1
E470 PUBLIC HIGHWAY AUTHORITY,E 470 PUBLIC HIGHWAY AUTHORITY,4,24,98.3
CENTER OF MEDICARE AND MEDICAID SERVICES,CENTERS FOR MEDICARE AND MEDICAID SERVICES,3,24,95.1
MEDICA HEALTH PLAN,MEDICA HEALTH PLANS,3,24,97.3
AMG SPECIALTY HOSPITAL,PAM SPECIALTY HOSPITAL,3,24,95.5
RESTAURANTS BRAND INTERNATIONAL,RESTAURANT BRANDS INTERNATIONAL,2,24,96.8
COMMONWEALTH OF MASSACHUSETTS EHS,COMMONWEALTH OF MASSACHUSETTS EOHHS,2,24,97.1
TX HIGHER EDUCATION COORDINATING BOARD,TEXAS HIGHER EDUCATION COORDINATING BOARD,2,24,96.2
ADVENT HEALTH PALM COAST,ADVENTHEALTH PALM COAST,2,24,97.9
INFINITE COMPUTER SOLUTION,INFINITE COMPUTER SOLUTIONS,1,24,98.1
EXPRESS SCIPTS HOLDING,EXPRESS SCRIPTS HOLDING,1,24,97.8
TOYOTA MOTOR S,TOYOTA MOTORS,1,24,96.3
IDAHO TRANSPORTATION DEPATMENT,IDAHO TRANSPORTATION DEPARTMENT,1,24,98.4
COMMON WEALTH OF MASSACHUSETTS EOHHS,COMMONWEALTH OF MASSACHUSETTS EOHHS,1,24,98.6
SEMICONDUCTOR COMPONENT INDUSTRIES,SEMICONDUCTOR COMPONENTS INDUSTRIES,1,24,98.6
BREAKTHRU BEVERAGE MISSOURI FORMERLY MAJORS BRANDS,BREAKTHRU BEVERAGE MISSOURI FORMERLY MAJOR BRANDS,1,24,99.0
OCHSNER LSU HEALTH ST MARY S,OCHSNER LSU HEALTH ST MARY,4,23,96.3
SONY INTERCATIVE ENTERTAINMENT,SONY INTERACTIVE ENTERTAINMENT,3,23,96.7
CRUM AND FOSTER,CRUM AND FORSTER,3,23,96.8
HEALTH AND HUMAN SERVICE COMMISION,HEALTH AND HUMAN SERVICES COMMISSION,2,23,97.1
QBE NORTH AMERICAS,QBE NORTH AMERICA,2,23,97.1
FISHER INVESTMENT,FISHER INVESTMENTS,2,23,97.1
DOOSANBOBCAT,DOOSAN BOBCAT,2,23,96.0
TRUESTAGE FINANCIAL,TRUSTAGE FINANCIAL,2,23,97.3
HEALTH AND HUMAN SERVICES COMISSION,HEALTH AND HUMAN SERVICES COMMISSION,1,23,98.6
HEALTH AND HUNAN SERVICES COMMISSION,HEALTH AND HUMAN SERVICES COMMISSION,1,23,97.2
HELATH AND HUMAN SERVICES COMMISSION,HEALTH AND HUMAN SERVICES COMMISSION,1,23,97.2
CABLE AND WIRELESS COMMUNICATION,CABLE AND WIRELESS COMMUNICATIONS,1,23,98.5
LOGAN ALUMINIUM,LOGAN ALUMINUM,1,23,96.6
STATE OF WISCONSIN DEPARTMENT OF WORK FORCE DEVELOPMENT,STATE OF WISCONSIN DEPARTMENT OF WORKFORCE DEVELOPMENT,1,23,99.1
STATE OF WISCONSIN DWD DEPARTMENT OF WORKFORCE DEVELOPMENT,STATE OF WISCONSIN DEPARTMENT OF WORKFORCE DEVELOPMENT,1,23,96.4
INVESCO GROUP SERVICE,INVESCO GROUP SERVICES,1,23,97.7
FCCI SERVICE,FCCI SERVICES,1,23,96.0
OSCHNER LAFAYETTE GENERAL MEDICAL CENTER,OCHSNER LAFAYETTE GENERAL MEDICAL CENTER,1,23,97.5
GEORGIA DEPARTMENT OF HUMAN SERVICE,GEORGIA DEPARTMENT OF HUMAN SERVICES,1,23,98.6
AMERICAN TIRE DISTRIBUTOR ATD,AMERICAN TIRE DISTRIBUTORS ATD,1,23,98.3
VERDE SIAN LIFE SCIENCES,VERDESIAN LIFE SCIENCES,1,23,97.9
STATE OF DELWARE,STATE OF DELAWARE,1,23,97.0
BUCKEYE PARTNER,BUCKEYE PARTNERS,1,23,96.8
CALIFORNIA STATE TEACHER S RETIREMENT SYSTEM CALSTRS,CALIFORNIA STATE TEACHERS RETIREMENT SYSTEM CALSTRS,1,23,99.0
CALIFORNIA STATE TEACHERS RETIREREMENT SYSTEMS CALSTRS,CALIFORNIA STATE TEACHERS RETIREMENT SYSTEM CALSTRS,1,23,97.1
HARVARD PILGRIM HEALTHCARE,HARVARD PILGRIM HEALTH CARE,4,22,98.1
JOHNSTON MEMORIAL HOSPITAL,JOHNSON MEMORIAL HOSPITAL,4,22,98.0
INFORMATIC COMPUTER SOLUTIONS,INFORMATIC COMPUTER SOLUTION,4,22,98.2
GENERAL MOTORS FINANCIALS,GENERAL MOTORS FINANCIAL,3,22,98.0
HOWARD COUNTY PUBLIC SCHOOL SYSTEMS,HOWARD COUNTY PUBLIC SCHOOL SYSTEM,2,22,98.6
ARIZONA DEPARTMENT OF ENVIRONMENT QUALITY,ARIZONA DEPARTMENT OF ENVIRONMENTAL QUALITY,2,22,97.6
PRIMARY CHILDRENS HOSPITAL,PRIMARY CHILDREN S HOSPITAL,2,22,98.1
L3 HARRIS TECHNOLOGIES,L3HARRIS TECHNOLOGIES,2,22,97.7
VEECO INSTRUMENT,VEECO INSTRUMENTS,2,22,97.0
RAYMOND JAMES FIANCIAL,RAYMOND JAMES FINANCIAL,2,22,97.8
STARTECH NETWORK,STARTECH NETWORKS,2,22,97.0
PORT AUTHORITY NEW YORK AND NEW JERSEY,PORT AUTHORITY OF NEW YORK AND NEW JERSEY,1,22,96.2
BALTIMORE CITY PUBLIC SCHOOL,BALTIMORE CITY PUBLIC SCHOOLS,1,22,98.2
SOUTH JERSEY INDUSTRTIES,SOUTH JERSEY INDUSTRIES,1,22,97.9
KAISER PERMANANATE,KAISER PERMANANTE,1,22,97.1
KAISER PERMANATE,KAISER PERMANANTE,1,22,97.0
SELECT SPECIALTY HOSPITALS,SELECT SPECIALTY HOSPITAL,1,22,98.0
HARVARDPILGRIM HEALTHCARE,HARVARD PILGRIM HEALTH CARE,1,22,96.2
STELLANTIS FORMERLY FIAT CHRYSLER FCA AUTOMOBILES,STELLANTIS FORMERLY FIAT CHRYSLER AUTOMOBILES,1,22,95.7
TESTING XPERTS,TESTINGXPERTS,1,22,96.3
FOR TIAA TEACHERS INSURANCE AND ANNUITY ASSOCIATION OF AMERICA,TIAA TEACHERS INSURANCE AND ANNUITY ASSOCIATION OF AMERICA,1,22,96.7
TIAA TEACHERS INSURANCE ANNUITY ASSOCIATION OF AMERICA,TIAA TEACHERS INSURANCE AND ANNUITY ASSOCIATION OF AMERICA,1,22,96.4
GENESYS AERO SYSTEMS,GENESYS AEROSYSTEMS,1,22,97.4
GENESYSAEROSYSTEMS,GENESYS AEROSYSTEMS,1,22,97.3
NOTHERN NATURAL GAS,NORTHERN NATURAL GAS,1,22,97.4
JBR INFOTECH,JBR INFO TECH,1,22,96.0
GEORGE WASHIHNGTON UNIVERSITY HOSPITAL,GEORGE WASHINGTON UNIVERSITY HOSPITAL,1,22,98.7
NY DEPARTMENT OF HEALTH,NYS DEPARTMENT OF HEALTH,1,22,97.9
RAYMOND JAMES FINANCIALS,RAYMOND JAMES FINANCIAL,1,22,97.9
STAR TECH NETWORKS,STARTECH NETWORKS,1,22,97.1
NEWYORK STATE DEPARTMENT OF FINANCIAL SERVICES,NEW YORK STATE DEPARTMENT OF FINANCIAL SERVICES,1,22,98.9
THERADYNAMICS PHYSICAL AND OCCUPATIONAL THERAPY PC,THERADYNAMICS PHYSICAL AND OCCUPATIONAL THERAPY,1,22,96.9
PANASONIC AUTOMOTIVE SYSTEMS CO OF AMERICA,PANASONIC AUTOMOTIVE SYSTEMS OF AMERICA,4,21,96.3
PANASONIC AUTOMOTIVE SYSTEMS AMERICA,PANASONIC AUTOMOTIVE SYSTEMS OF AMERICA,3,21,96.0
UNDERWRITER LABORATORIES,UNDERWRITERS LABORATORIES,3,21,98.0
OPTUM INC A WHOLLY OWNED SUBSIDIARY OF UNITED HEALTH,OPTUM INC A WHOLLY OWNED SUBSIDIARY OF UNITEDHEALTH,3,21,99.0
NEW YORK STATE OFFICE OF INFORMATION TECHNOLOGY SERVICES NYSITS,NEW YORK STATE OFFICE OF INFORMATION TECHNOLOGY SERVICES ITS,3,21,97.6
SMBC MANU BANK,SMBC MANUBANK,3,21,96.3
EVEREST RE INSURANCE,EVEREST REINSURANCE,2,21,97.4
ENCOMPASSHEALTH,ENCOMPASS HEALTH,2,21,96.8
HEWLETT PACKARD ENTERPRISE HPE IT,HEWLETT PACKARD ENTERPRISE HPE,2,21,95.2
COOPER SURGICALS,COOPER SURGICAL,2,21,96.8
MARYLAND DEPARTMENT OFTRANSPORTATION,MARYLAND DEPARTMENT OF TRANSPORTATION,1,21,98.6
BJC HEALTH CARE,BJC HEALTHCARE,1,21,96.6
DEPUY SNYTHES PRODUCTS,DEPUY SYNTHES PRODUCTS,1,21,95.5
HORIZONE BCBS,HORIZON BCBS,1,21,96.0
BROOKHAVEN NATIONAL LABRATORY,BROOKHAVEN NATIONAL LABORATORY,1,21,98.3
PANASONIC AUTOMOTIVE SYSTTEMS OF AMERICA,PANASONIC AUTOMOTIVE SYSTEMS OF AMERICA,1,21,98.7
VA PUGET SOUNDS HEALTH CARE SYSTEM,VA PUGET SOUND HEALTHCARE SYSTEM,1,21,97.0
TEXAS DEPARTMENT OF MOTOR VEHICLE,TEXAS DEPARTMENT OF MOTOR VEHICLES,1,21,98.5
NEW YORK STATE OFFICE OF INFORMATION TECHNOLOGY SERVICES NY ITS,NEW YORK STATE OFFICE OF INFORMATION TECHNOLOGY SERVICES ITS,1,21,97.6
NEW YORK STATE OFFICE OF INFORMATION TECHNOLOGY SERVICES NYS OITS,NEW YORK STATE OFFICE OF INFORMATION TECHNOLOGY SERVICES ITS,1,21,96.0
OHIO DEPARTMENT OF TRANSAPORTATION,OHIO DEPARTMENT OF TRANSPORTATION,1,21,98.5
OHIO DEPARTMENT OF TRANSPORTION,OHIO DEPARTMENT OF TRANSPORTATION,1,21,96.9
CANON SOLUTION AMERICA,CANON SOLUTIONS AMERICA,1,21,97.8
STATE OF MICHIGAN DEPARTMENT OF TECHNOLOGY MANAGEMENT AND BUDGET DTMB,STATE OF MICHIGAN DEPARTMENT OF TECHNOLOGY MANAGEMENT AND BUDGET,4,20,96.2
STATE OF MICHIGAN DTMB DEPARTMENT OF TECHNOLOGY MANAGEMENT AND BUDGET,STATE OF MICHIGAN DEPARTMENT OF TECHNOLOGY MANAGEMENT AND BUDGET,3,20,96.2
BAYERHEALTHCARE,BAYER HEALTHCARE,3,20,96.8
NORTH AMERICAN LIGHTNING,NORTH AMERICAN LIGHTING,3,20,97.9
LORDSTOWN MOTOR,LORDSTOWN MOTORS,2,20,96.8
STATE OF MICHIGAN DEPARTMENT OF TECHNOLOGY MANAGEMENT AND BUDGETING,STATE OF MICHIGAN DEPARTMENT OF TECHNOLOGY MANAGEMENT AND BUDGET,2,20,97.7
ILLINOIS SECRETARY OF STATES,ILLINOIS SECRETARY OF STATE,2,20,98.2
ENBRIDGE EMPLOYEE SERVICES CANADA I,ENBRIDGE EMPLOYEE SERVICES CANADA,2,20,97.1
TMOBILE CORPORATE OFFICE,T MOBILE CORPORATE OFFICE,2,20,98.0
PUBLIX SUPERMARKET,PUBLIX SUPERMARKETS,1,20,97.3
WASHINTON STATE DEPARTMENT OF LABOR AND INDUSTRIES,WASHINGTON STATE DEPARTMENT OF LABOR AND INDUSTRIES,1,20,99.0
VA NORTH TEXAS HEALTH CARE SYSTEMS,VA NORTH TEXAS HEALTH CARE SYSTEM,1,20,98.5
A NORTH TEXAS HEALTH CARE SYSTEM,VA NORTH TEXAS HEALTH CARE SYSTEM,1,20,98.5
TECHNOLOGY NAVIGTORS,TECHNOLOGY NAVIGATORS,1,20,97.6
PIRAMA PHARMA SOLUTIONS,PIRAMAL PHARMA SOLUTIONS,1,20,97.9
MONTANA STATE FUNDS,MONTANA STATE FUND,1,20,97.3
FEDERAL HOME LOAN BANK CHICAGO,FEDERAL HOME LOAN BANK OF CHICAGO,1,20,95.2
BAYER HEALTH CARE,BAYER HEALTHCARE,1,20,97.0
ST MARYS MEDICAL CENTER,ST MARY S MEDICAL CENTER,1,20,97.9
EXECUTIVE OFFICE OF HEALTH AND HUMAN SERVICE EEOHHS,EXECUTIVE OFFICE OF HEALTH AND HUMAN SERVICES EOHHS,1,20,98.0
EXECUTIVE OFFICE OF HEALTH AND HUMAN SERVICES HHS,EXECUTIVE OFFICE OF HEALTH AND HUMAN SERVICES EOHHS,1,20,98.0
EXECUTIVE OFFICE OF HEALTH AND HUMAN SERVICES EOHHS MA,EXECUTIVE OFFICE OF HEALTH AND HUMAN SERVICES EOHHS,1,20,97.1
PENNSYLVANIA DEPARTMENT OF CORRECTION,PENNSYLVANIA DEPARTMENT OF CORRECTIONS,1,20,98.7
BLUECROSS BLUESHIELD MICHIGAN,BLUE CROSS BLUE SHIELD MICHIGAN,1,20,96.7
MARYLAND DPSCS DEPARTMENT OF PUBLIC SAFETY AND CORRECTIONAL SERVICES,MARYLAND DEPARTMENT OF PUBLIC SAFETY AND CORRECTIONAL SERVICES,1,20,95.4
ADVENTHEALTH FISHT MEMORIAL,ADVENTHEALTH FISH MEMORIAL,1,20,98.1
NORTH AMERICA LIGHTING,NORTH AMERICAN LIGHTING,1,20,97.8
NORTH AMERICAN LIGHTENING,NORTH AMERICAN LIGHTING,1,20,95.8
NORTH AMREICAN LIGHTING,NORTH AMERICAN LIGHTING,1,20,95.7
RBC CAPITAL MARKET,RBC CAPITAL MARKETS,1,20,97.3
UNIVERSITY OF CALIFORNIA AGRICULTURE AND NATURAL RESOURCES,UNIVERSITY OF CALIFORNIA AGRICULTURE AND NATURAL RESOURCES ANR,1,20,96.7
WEIL CORNELL MEDICAL CENTER,WEILL CORNELL MEDICAL CENTER,1,20,98.2
USAA THE UNITED SERVICES AUTOMBILE ASSOCIATION,USAA THE UNITED SERVICES AUTOMOBILE ASSOCIATION,1,20,98.9
NEW YORK OFFICE OF INFORMATION TECHNOLOGY SERVICES NYS ITS,NEW YORK STATE OFFICE OF INFORMATION TECHNOLOGY SERVICES NYS ITS,1,20,95.1
NY STATE OFFICE OF INFORMATION TECHNOLOGY SERVICES NYS ITS,NEW YORK STATE OFFICE OF INFORMATION TECHNOLOGY SERVICES NYS ITS,1,20,95.1
ADVENTHEATH PALM COAST PARKWAY,ADVENTHEALTH PALM COAST PARKWAY,1,20,98.4
