# Wikidata P21 (sex or gender) per node, fetched 2026-10-06 by week06_gender.py
node_id,wikidata_id,gender
Abomination_(character),Q60146,male
Adam_Warlock,Q1735229,male
Agent_X_(Marvel_Comics),Q1054789,male
Ajak,Q554230,female|male
Alex_Wilder,Q3610734,male
Anne_Weying,Q14475812,female
Anole_(character),Q2539373,male
Anya_Corazon,Q2604744,female
Arabian_Knight_(character),Q4783369,not recorded
Ares_(Marvel_Comics),Q1277573,male
Backhand_(character),Q4839658,not recorded
Balder_the_Brave,Q2440279,male
Battlestar_(character),Q1168463,male
Baymax,Q16839317,male
Beta_Ray_Bill,Q1987662,male
Betsy_Braddock,Q973050,female
Bill_Foster_(character),Q2633611,male
Bird-Brain_(Marvel_Comics),Q4915814,not recorded
Black_Bolt,Q767453,male
Black_Cat_(Marvel_Comics),Q912640,female
Black_Fox_(Robert_Paine),Q55605555,not recorded
Black_Jack_Tarr,Q4921080,not recorded
Black_Knight_(Marvel_Comics),Q1149800,not recorded
Black_Marvel,Q3544444,not recorded
Black_Panther_(character),Q998220,male
Black_Rider_(character),Q4921594,not recorded
Black_Widow_(Natasha_Romanova),Q369197,female
Blackthorn_(character),Q4923455,female
Blackwulf,Q4923646,male
Blade_(character),Q881024,male
Blazing_Skull,Q2906321,male
Blue_Bullet,Q119508142,not recorded
Blue_Diamond_(character),Q2016099,female
Blue_Eagle_(character),Q4929083,not recorded
Blue_Marvel,Q4929412,male
"Bob,_Agent_of_Hydra",Q3545619,male
Box_(comics),Q2735518,male
Brain_Drain_(character),Q4955758,male
Breeze_Barton,Q16987999,not recorded
Brian_Braddock,Q113988109,male
Bucky_(Marvel_Comics),Q850685,not recorded
Bug_(Marvel_Comics),Q4986067,not recorded
Cable_(character),Q2267017,male
Cammi_(character),Q16828778,not recorded
Captain_Marvel_(Khn'nr),Q3888882,male
Captain_Marvel_(Marvel_Comics),Q2937657,not recorded
Captain_Midlands,Q5036732,not recorded
Captain_Ultra,Q5036840,male
Captain_Universe,Q2973579,not recorded
Caretaker_(comics),Q5039063,male
Ch'od,Q5065882,male
Charcoal_(comics),Q2957689,male
Chase_Stein,Q734247,male
Citizen_V,Q5122591,not recorded
Cloak_and_Dagger_(characters),Q2419540,not recorded
Coldblood,Q4135919,not recorded
Crane_Mother,Q29098110,female
Crippler_(character),Q5185846,not recorded
Cyclops_(Marvel_Comics),Q857921,male
Dargo_Ktor,Q113903754,male
Darkdevil,Q5223578,male
Darkhawk,Q2539485,male
Deadpool,Q1631090,male
Deathlok,Q2526966,male
Debrii,Q5248565,female
Delroy_Garrett,Q16993964,not recorded
Detroit_Steel,Q5266016,not recorded
Devil_Dinosaur,Q5267281,not recorded
Devil_Hulk,Q5267302,not recorded
Digitek_(character),Q3707609,not recorded
Doctor_Druid,Q3033512,male
Doctor_Nemesis,Q512578,not recorded
Doctor_Spectrum,Q1761283,not recorded
Doctor_Strange,Q907767,male
Dogpool,Q127868350,not recorded
Doom_2099,Q5297058,male
Dragon_Lord_(character),Q5305233,not recorded
Dusk_(comics),Q1869290,not recorded
Eddie_Brock,Q2604715,male
Elsa_Bloodstone,Q3051712,female
Emma_Frost,Q1995969,female
Empath_(character),Q2364510,male
Emrys_Killebrew,Q25136958,male
Enigma_(Marvel_Comics),Q5378913,not recorded
Ethan_Edwards,Q5402926,male
Fabio_Medina,Q20656958,male
Fandral,Q3545295,male
Father_Time_(Marvel_Comics),Q5437661,not recorded
Fin_Fang_Foom,Q2604737,male
Firebird_(Marvel_Comics),Q3072826,female
Firelord_(character),Q2405958,male
Flatman_(character),Q5457942,male
Force_(comics),Q5467422,not recorded
Frankenstein's_Monster_(Marvel_Comics),Q1131389,male
Franklin_Richards_(character),Q2624716,male
Frog-Man,Q5505166,male
G._W._Bridge,Q3093070,male
Gargoyle_(comics),Q3055537,not recorded
Garrison_Kane,Q3098468,male
Gauntlet_(Joseph_Green),Q3099457,not recorded
Genis-Vell,Q775371,male
Ghost_Rider,Q868958,not recorded
Ghost_Rider_(Danny_Ketch),Q5557137,male
Ghost_Rider_(Johnny_Blaze),Q836748,male
Gladiator_(Kallark),Q2420331,male
Golem_(Marvel_Comics),Q3546467,not recorded
Gorgon_(Inhuman),Q3359399,male
Gremlin_(comics),Q3032140,not recorded
Guardian_(Marvel_Comics),Q1410619,male
Guardsman_(character),Q12964384,not recorded
Gwenpool,Q25352613,female
Hank_Pym,Q2057532,male
Happy_Sam_Sawyer,Q5653016,not recorded
Hawkeye_(comics),Q124706947,not recorded
Helix_(Marvel_Comics),Q5706247,not recorded
Hellfire_(J._T._Slade),Q25214275,not recorded
Hellion_(character),Q107176961,not recorded
Hercules_(Marvel_Comics),Q534889,male
Hit-Monkey,Q4497911,not recorded
Hornet_(comics),Q2053102,not recorded
Hrimhari,Q5923690,male
Hulk,Q188760,male
Hulk_2099,Q3549256,not recorded
Hulkling,Q2526766,male
Human_Fly_(character),Q3325409,not recorded
Human_Torch,Q584585,male
Human_Torch_(android),Q1004568,male
Hybrid_(Scott_Washington),Q2944353,male
Hyperion_(character),Q3550487,male
Ikaris,Q2320351,male
Illuminator_(Marvel_Comics),Q113624919,not recorded
Inferno_(Dante_Pertuz),Q20857996,not recorded
Iron_Fist_(character),Q1194243,male
Iron_Lad,Q1447287,male
Iron_Man_(Ultimate_Marvel_character),Q288516,male
Iron_Man_2020,Q6072691,male
Isaiah_Bradley,Q3155104,male
Jack_Frost_(Marvel_Comics),Q3805581,male
Jack_Monroe_(character),Q28433219,male
Janice_Lincoln,Q16203548,female
Jean_Grey,Q5350072,female
Jean_Grey_(X-Men_film_series),Q108366195,female
Jeffrey_Mace,Q3545581,male
Jericho_Drumm,Q1149808,male
Jessica_Jones,Q2271377,female
John_Jameson_(character),Q2423326,male
Jubilee_(character),Q59665,female
Junior_Juniper,Q6313312,male
Justice_(New_Universe),Q3545426,not recorded
Karnak_(character),Q3193522,male
Kid_Colt,Q3546595,not recorded
Killpower,Q13512249,not recorded
Killraven,Q2323492,male
Kismet_(Marvel_Comics),Q6416807,female
Korvus,Q6432784,male
Kristoff_Vernard,Q3545586,male
Leech_(character),Q2198161,male
Lei_Kung_(character),Q23306598,male
Living_Lightning,Q3272245,male
Luke_Cage,Q2267760,male
Machine_Man,Q2601925,male
Magician_(Marvel_Comics),Q16253735,not recorded
Mahr_Vehl,Q6734866,male
Makkari_(character),Q3280860,not recorded
Man-Thing,Q2267846,male
Mania_(character),Q56159606,not recorded
Mark_Hazzard:_Merc,Q6767974,male
Marvel_Boy_(Robert_Grayson),Q3296041,male
Mayday_Parker,Q2186500,female
Miracleman_(character),Q2266209,male
Misty_Knight,Q3859385,female
Mockingbird_(Marvel_Comics),Q73544,female
Moon_Knight,Q1037532,male
Moondragon,Q1908572,female
Moonglow_(comics),Q6907797,female
Morbius,Q1087722,male
Motormouth_(comics),Q6918346,not recorded
Ms._Marvel,Q3316552,female
NFL_SuperPro,Q6953757,not recorded
Nightmask,Q3876793,not recorded
Nightwatch_(character),Q8327297,male
Noh-Varr,Q3877735,male
Nomad_(Marvel_Comics),Q3877909,not recorded
Northstar_(character),Q251321,male
Nova_(Richard_Rider),Q2356215,male
Ogre_(Marvel_Comics),Q3885048,male
Outlaw_(Marvel_Comics),Q3358639,female
Oya_(comics),Q10342795,female
Paladin_(comics),Q3360766,not recorded
Patsy_Walker,Q1051167,female
Peggy_Carter,Q3898777,female
Phil_Urich,Q4483669,male
Phoenix_Force,Q8347897,agender
Phyla-Vell,Q1235121,female
Power_Man_(Victor_Alvarez),Q17014311,male
Powerhouse_(Marvel_Comics),Q7236721,not recorded
Puck_(Marvel_Comics),Q3410524,male
Quasar_(character),Q1992429,male
Quicksilver_(Marvel_Comics),Q929273,male
Rachel_Summers,Q258015,female
Radian_(Morituri),Q7280286,not recorded
Radioactive_Man_(comics),Q978851,male
Ravage_2099,Q3930550,not recorded
Raza_Longknife,Q3421361,male
Red_Guardian,Q2298436,not recorded
Red_Raven_(Marvel_Comics),Q7304777,not recorded
Red_Wolf_(comics),Q3422805,not recorded
Redneck_(comics),Q17015182,male
Ricochet_(comics),Q7332306,not recorded
Rikki_Barnes,Q7334071,not recorded
Robbie_Baldwin,Q2276949,male
Rocket_Raccoon,Q638476,male
Rockman_(character),Q6586320,male
Rockslide_(character),Q962777,male
Rom_the_Space_Knight,Q3088458,male
Ronin_(Marvel_Comics),Q253251,not recorded
Ruby_Summers,Q3446576,female
Rusty_Collins,Q3453575,male
Sabra_(character),Q2777040,female
Satana_(Marvel_Comics),Q3473863,female
Scaredycat,Q7430385,not recorded
Scarlet_Scarab,Q7430450,not recorded
Scarlet_Spider,Q3929460,male
Scarlet_Witch,Q929285,female
Scatterbrain_(Morituri),Q7430600,not recorded
Scorpio_(Marvel_Comics),Q7435377,not recorded
Sean_and_Chris,Q7441548,male
Sentry_(Robert_Reynolds),Q491609,male
Shamrock_(comics),Q3481318,not recorded
Shang-Chi,Q2262357,male
Shatterstar,Q2275950,male
She-Hulk,Q677627,female
She-Hulk_(Lyra),Q3841033,female
Shear_(character),Q7492168,not recorded
Shuri_(character),Q7505397,female
Silencer_(comics),Q7514430,not recorded
Silhouette_(comics),Q7514881,female
Silk_(character),Q18754954,female
Skull_the_Slayer,Q7536965,not recorded
Snapdragon_(Morituri),Q7547285,not recorded
Solarman,Q7557064,male
Solo_(Marvel_Comics),Q3964376,not recorded
Solomon_Kane_(comics),Q16210414,male
Speed_(character),Q3966459,male
Spider-Bitch_(Ashley_Barton),Q110692815,female
Spider-Girl,Q60719010,not recorded
Spider-Man,Q79037,male
Spider-Man_(Marvel_Mangaverse),Q48739522,male
Spider-Man_Noir,Q3966701,male
Spider-UK,Q48739508,male
Spider-Woman,Q2922722,not recorded
Spider-Woman_(Gwen_Stacy),Q20979395,female
Spider-Woman_(Jessica_Drew),Q1188309,female
Spitfire_(character),Q3493623,female
Star-Lord,Q3496918,male
Star_Brand,Q3968281,not recorded
Starhawk_(character),Q3497149,not recorded
Starr_the_Slayer,Q7602237,not recorded
Steel_Spider,Q3497782,male
Stingray_(Marvel_Comics),Q2186821,male
Storm_(Marvel_Comics),Q632212,female
Straw_Man_(comics),Q7622370,not recorded
Super_Rabbit,Q7642672,not recorded
Surge_(Marvel_Comics),Q2213159,female
Synapse_(character),Q48739459,not recorded
Tarantula_(Marvel_Comics),Q1094358,not recorded
The_Union_(Marvel),Q96409676,not recorded
The_Witness_(character),Q8028382,not recorded
Thena,Q7781352,female
Thin_Man_(character),Q7784269,not recorded
Thor_Girl,Q3990774,female
Thunderbolt_(Marvel_Comics),Q7799111,not recorded
Thunderclap_(comics),Q7799130,not recorded
Timeslip_(comics),Q7806604,not recorded
Toro_(character),Q3995012,not recorded
Toxyn,Q7830489,not recorded
Turbo_(comics),Q7853799,not recorded
Two-Gun_Kid,Q961242,male
Typeface_(character),Q7860927,not recorded
U.S._Agent,Q2540291,male
Ulysses_Bloodstone,Q3548162,male
Union_Jack_(Joseph_Chapman),Q7885781,not recorded
Union_Jack_(Marvel_Comics),Q898165,male
Ursa_Major_(character),Q3552470,male
Vance_Astrovik,Q3545872,male
Venom_(character),Q1621261,male
Vindicator_(comics),Q641682,female
Vulcan_(Marvel_Comics),Q2568977,male
Vyking,Q7943936,not recorded
War_Machine,Q616337,male
Werewolf_by_Night,Q2268707,male
White_Tiger_(Heroes_for_Hire),Q7995470,female
White_Tiger_(comics),Q3528345,not recorded
Whizzer_(Robert_Frank),Q1402209,male
Wild_Child_(character),Q2597584,male
Will_o'_the_Wisp_(comics),Q1772036,male
William_Burnside_(character),Q3547398,male
Wolverine_(Ultimate_Marvel_character),Q7880273,male
Wolverine_(character),Q186422,male
Xorn,Q2297125,male
Yelena_Belova,Q4009216,female
Yo-Yo_Rodriguez,Q23018324,female
Zombie_(comics),Q4024681,not recorded
