pages,tie,note
Black_Panther_(character);Cyclops_(Marvel_Comics);Jean_Grey;Rachel_Summers;Storm_(Marvel_Comics);Wild_Child_(character),family,"Cyclops and Jean Grey are married and Rachel Summers is their daughter; Storm and Black Panther are married. Wild Child joins through a stock sentence about Krakoa, not a tie"
Mayday_Parker;Spider-Girl;Spider-Woman;Spider-Woman_(Jessica_Drew),mantle,the Spider-Woman and Spider-Girl codenames and their bearers
Spitfire_(character);Union_Jack_(Joseph_Chapman);Union_Jack_(Marvel_Comics),mantle,two bearers of the Union Jack codename and Spitfire of the same wartime team
Battlestar_(character);U.S._Agent,team,partners as Bucky and Captain America's replacement
Black_Rider_(character);Two-Gun_Kid,team,Marvel's Old West heroes who appear together
Blue_Diamond_(character);Jack_Frost_(Marvel_Comics),team,members of the Liberty Legion
Bucky_(Marvel_Comics);Rikki_Barnes,mantle,two bearers of the Bucky codename
Ch'od;Raza_Longknife,team,members of the Starjammers
Eddie_Brock;Venom_(character),mantle,the Venom symbiote and its best-known host
Ghost_Rider;Ghost_Rider_(Johnny_Blaze),mantle,the Ghost Rider codename and its first bearer
Mockingbird_(Marvel_Comics);Quicksilver_(Marvel_Comics),team,members of the Avengers West Coast
Rocket_Raccoon;Star-Lord,team,members of the Guardians of the Galaxy
